timestamp,generation,hour,day,weekday,month,anomaly_iforest
2024-03-31 00:00:00,6863,0,31,Sunday,March,False
2024-03-30 23:00:00,8766,23,30,Saturday,March,False
2024-03-30 22:00:00,10644,22,30,Saturday,March,False
2024-03-30 21:00:00,10757,21,30,Saturday,March,False
2024-03-30 20:00:00,11334,20,30,Saturday,March,False
2024-03-30 19:00:00,10295,19,30,Saturday,March,False
2024-03-30 18:00:00,9560,18,30,Saturday,March,False
2024-03-30 17:00:00,7548,17,30,Saturday,March,False
2024-03-30 16:00:00,3086,16,30,Saturday,March,False
2024-03-30 15:00:00,253,15,30,Saturday,March,False
2024-03-30 07:00:00,1,7,30,Saturday,March,False
2024-03-30 06:00:00,2,6,30,Saturday,March,False
2024-03-30 05:00:00,59,5,30,Saturday,March,False
2024-03-30 04:00:00,131,4,30,Saturday,March,False
2024-03-30 03:00:00,1358,3,30,Saturday,March,False
2024-03-30 02:00:00,5632,2,30,Saturday,March,False
2024-03-30 01:00:00,7642,1,30,Saturday,March,False
2024-03-30 00:00:00,9120,0,30,Saturday,March,False
2024-03-29 23:00:00,10199,23,29,Friday,March,False
2024-03-29 22:00:00,10742,22,29,Friday,March,False
2024-03-29 21:00:00,11372,21,29,Friday,March,False
2024-03-29 20:00:00,12079,20,29,Friday,March,False
2024-03-29 19:00:00,11995,19,29,Friday,March,False
2024-03-29 18:00:00,11105,18,29,Friday,March,False
2024-03-29 17:00:00,9215,17,29,Friday,March,False
2024-03-29 16:00:00,4527,16,29,Friday,March,False
2024-03-29 15:00:00,458,15,29,Friday,March,False
2024-03-29 05:00:00,4,5,29,Friday,March,False
2024-03-29 04:00:00,32,4,29,Friday,March,False
2024-03-29 03:00:00,1275,3,29,Friday,March,False
2024-03-29 02:00:00,5606,2,29,Friday,March,False
2024-03-29 01:00:00,9076,1,29,Friday,March,False
2024-03-29 00:00:00,10023,0,29,Friday,March,False
2024-03-28 23:00:00,10724,23,28,Thursday,March,False
2024-03-28 22:00:00,11365,22,28,Thursday,March,False
2024-03-28 21:00:00,11840,21,28,Thursday,March,False
2024-03-28 20:00:00,12016,20,28,Thursday,March,False
2024-03-28 19:00:00,12063,19,28,Thursday,March,False
2024-03-28 18:00:00,10900,18,28,Thursday,March,False
2024-03-28 17:00:00,8680,17,28,Thursday,March,False
2024-03-28 16:00:00,3693,16,28,Thursday,March,False
2024-03-28 15:00:00,356,15,28,Thursday,March,False
2024-03-28 13:00:00,4,13,28,Thursday,March,False
2024-03-28 12:00:00,36,12,28,Thursday,March,False
2024-03-28 11:00:00,49,11,28,Thursday,March,False
2024-03-28 10:00:00,59,10,28,Thursday,March,False
2024-03-28 09:00:00,51,9,28,Thursday,March,False
2024-03-28 08:00:00,28,8,28,Thursday,March,False
2024-03-28 07:00:00,22,7,28,Thursday,March,False
2024-03-28 06:00:00,11,6,28,Thursday,March,False
2024-03-28 05:00:00,11,5,28,Thursday,March,False
2024-03-28 04:00:00,25,4,28,Thursday,March,False
2024-03-28 03:00:00,1760,3,28,Thursday,March,False
2024-03-28 02:00:00,7049,2,28,Thursday,March,False
2024-03-28 01:00:00,9611,1,28,Thursday,March,False
2024-03-28 00:00:00,10629,0,28,Thursday,March,False
2024-03-27 23:00:00,11301,23,27,Wednesday,March,False
2024-03-27 22:00:00,12601,22,27,Wednesday,March,False
2024-03-27 21:00:00,13000,21,27,Wednesday,March,False
2024-03-27 20:00:00,13273,20,27,Wednesday,March,False
2024-03-27 19:00:00,12845,19,27,Wednesday,March,False
2024-03-27 18:00:00,12938,18,27,Wednesday,March,False
2024-03-27 17:00:00,11900,17,27,Wednesday,March,False
2024-03-27 16:00:00,4967,16,27,Wednesday,March,False
2024-03-27 15:00:00,397,15,27,Wednesday,March,False
2024-03-27 11:00:00,7,11,27,Wednesday,March,False
2024-03-27 10:00:00,34,10,27,Wednesday,March,False
2024-03-27 09:00:00,46,9,27,Wednesday,March,False
2024-03-27 08:00:00,62,8,27,Wednesday,March,False
2024-03-27 07:00:00,50,7,27,Wednesday,March,False
2024-03-27 06:00:00,57,6,27,Wednesday,March,False
2024-03-27 05:00:00,38,5,27,Wednesday,March,False
2024-03-27 04:00:00,43,4,27,Wednesday,March,False
2024-03-27 03:00:00,2819,3,27,Wednesday,March,False
2024-03-27 02:00:00,9006,2,27,Wednesday,March,False
2024-03-27 01:00:00,10925,1,27,Wednesday,March,False
2024-03-27 00:00:00,12003,0,27,Wednesday,March,False
2024-03-26 23:00:00,12868,23,26,Tuesday,March,False
2024-03-26 22:00:00,13668,22,26,Tuesday,March,False
2024-03-26 21:00:00,13687,21,26,Tuesday,March,False
2024-03-26 20:00:00,13786,20,26,Tuesday,March,False
2024-03-26 19:00:00,13900,19,26,Tuesday,March,False
2024-03-26 18:00:00,13897,18,26,Tuesday,March,False
2024-03-26 17:00:00,11736,17,26,Tuesday,March,False
2024-03-26 16:00:00,4403,16,26,Tuesday,March,False
2024-03-26 15:00:00,400,15,26,Tuesday,March,False
2024-03-26 14:00:00,32,14,26,Tuesday,March,False
2024-03-26 13:00:00,30,13,26,Tuesday,March,False
2024-03-26 12:00:00,68,12,26,Tuesday,March,False
2024-03-26 11:00:00,109,11,26,Tuesday,March,False
2024-03-26 10:00:00,116,10,26,Tuesday,March,False
2024-03-26 09:00:00,109,9,26,Tuesday,March,False
2024-03-26 08:00:00,68,8,26,Tuesday,March,False
2024-03-26 07:00:00,73,7,26,Tuesday,March,False
2024-03-26 06:00:00,64,6,26,Tuesday,March,False
2024-03-26 05:00:00,42,5,26,Tuesday,March,False
2024-03-26 04:00:00,58,4,26,Tuesday,March,False
2024-03-26 03:00:00,2017,3,26,Tuesday,March,False
2024-03-26 02:00:00,7284,2,26,Tuesday,March,False
2024-03-26 01:00:00,10885,1,26,Tuesday,March,False
2024-03-26 00:00:00,12256,0,26,Tuesday,March,False
2024-03-25 23:00:00,12479,23,25,Monday,March,False
2024-03-25 22:00:00,12488,22,25,Monday,March,False
2024-03-25 21:00:00,12628,21,25,Monday,March,False
2024-03-25 20:00:00,12958,20,25,Monday,March,False
2024-03-25 19:00:00,13687,19,25,Monday,March,False
2024-03-25 18:00:00,12979,18,25,Monday,March,False
2024-03-25 17:00:00,11154,17,25,Monday,March,False
2024-03-25 16:00:00,4618,16,25,Monday,March,False
2024-03-25 15:00:00,463,15,25,Monday,March,False
2024-03-25 14:00:00,73,14,25,Monday,March,False
2024-03-25 13:00:00,106,13,25,Monday,March,False
2024-03-25 12:00:00,97,12,25,Monday,March,False
2024-03-25 11:00:00,113,11,25,Monday,March,False
2024-03-25 10:00:00,71,10,25,Monday,March,False
2024-03-25 09:00:00,74,9,25,Monday,March,False
2024-03-25 08:00:00,30,8,25,Monday,March,False
2024-03-25 07:00:00,16,7,25,Monday,March,False
2024-03-25 06:00:00,29,6,25,Monday,March,False
2024-03-25 05:00:00,143,5,25,Monday,March,False
2024-03-25 04:00:00,166,4,25,Monday,March,False
2024-03-25 03:00:00,1528,3,25,Monday,March,False
2024-03-25 02:00:00,6063,2,25,Monday,March,False
2024-03-25 01:00:00,8234,1,25,Monday,March,False
2024-03-25 00:00:00,9329,0,25,Monday,March,False
2024-03-24 23:00:00,10684,23,24,Sunday,March,False
2024-03-24 22:00:00,11260,22,24,Sunday,March,False
2024-03-24 21:00:00,11051,21,24,Sunday,March,False
2024-03-24 20:00:00,12167,20,24,Sunday,March,False
2024-03-24 19:00:00,12161,19,24,Sunday,March,False
2024-03-24 18:00:00,11165,18,24,Sunday,March,False
2024-03-24 17:00:00,8082,17,24,Sunday,March,False
2024-03-24 16:00:00,2891,16,24,Sunday,March,False
2024-03-24 15:00:00,347,15,24,Sunday,March,False
2024-03-24 14:00:00,22,14,24,Sunday,March,False
2024-03-24 13:00:00,3,13,24,Sunday,March,False
2024-03-24 03:00:00,1630,3,24,Sunday,March,False
2024-03-24 02:00:00,6281,2,24,Sunday,March,False
2024-03-24 01:00:00,8036,1,24,Sunday,March,False
2024-03-24 00:00:00,9795,0,24,Sunday,March,False
2024-03-23 23:00:00,10668,23,23,Saturday,March,False
2024-03-23 22:00:00,12000,22,23,Saturday,March,False
2024-03-23 21:00:00,12486,21,23,Saturday,March,False
2024-03-23 20:00:00,11899,20,23,Saturday,March,False
2024-03-23 19:00:00,10477,19,23,Saturday,March,False
2024-03-23 18:00:00,7522,18,23,Saturday,March,False
2024-03-23 17:00:00,4943,17,23,Saturday,March,False
2024-03-23 16:00:00,1581,16,23,Saturday,March,False
2024-03-23 15:00:00,73,15,23,Saturday,March,False
2024-03-23 08:00:00,27,8,23,Saturday,March,False
2024-03-23 07:00:00,47,7,23,Saturday,March,False
2024-03-23 06:00:00,69,6,23,Saturday,March,False
2024-03-23 05:00:00,104,5,23,Saturday,March,False
2024-03-23 04:00:00,12,4,23,Saturday,March,False
2024-03-23 03:00:00,1962,3,23,Saturday,March,False
2024-03-23 02:00:00,8691,2,23,Saturday,March,False
2024-03-23 01:00:00,11598,1,23,Saturday,March,False
2024-03-23 00:00:00,13207,0,23,Saturday,March,False
2024-03-22 23:00:00,14028,23,22,Friday,March,False
2024-03-22 22:00:00,13954,22,22,Friday,March,False
2024-03-22 21:00:00,13947,21,22,Friday,March,False
2024-03-22 20:00:00,14212,20,22,Friday,March,True
2024-03-22 19:00:00,14583,19,22,Friday,March,True
2024-03-22 18:00:00,14007,18,22,Friday,March,False
2024-03-22 17:00:00,9678,17,22,Friday,March,False
2024-03-22 16:00:00,3258,16,22,Friday,March,False
2024-03-22 15:00:00,198,15,22,Friday,March,False
2024-03-22 13:00:00,9,13,22,Friday,March,False
2024-03-22 12:00:00,48,12,22,Friday,March,False
2024-03-22 06:00:00,0,6,22,Friday,March,False
2024-03-22 04:00:00,34,4,22,Friday,March,False
2024-03-22 03:00:00,2282,3,22,Friday,March,False
2024-03-22 02:00:00,8694,2,22,Friday,March,False
2024-03-22 01:00:00,11018,1,22,Friday,March,False
2024-03-22 00:00:00,12434,0,22,Friday,March,False
2024-03-21 23:00:00,12627,23,21,Thursday,March,False
2024-03-21 22:00:00,12974,22,21,Thursday,March,False
2024-03-21 21:00:00,13058,21,21,Thursday,March,False
2024-03-21 20:00:00,13119,20,21,Thursday,March,False
2024-03-21 19:00:00,13523,19,21,Thursday,March,False
2024-03-21 18:00:00,13670,18,21,Thursday,March,False
2024-03-21 17:00:00,12174,17,21,Thursday,March,False
2024-03-21 16:00:00,3936,16,21,Thursday,March,False
2024-03-21 15:00:00,365,15,21,Thursday,March,False
2024-03-21 14:00:00,42,14,21,Thursday,March,False
2024-03-21 13:00:00,60,13,21,Thursday,March,False
2024-03-21 12:00:00,75,12,21,Thursday,March,False
2024-03-21 11:00:00,105,11,21,Thursday,March,False
2024-03-21 10:00:00,148,10,21,Thursday,March,False
2024-03-21 09:00:00,177,9,21,Thursday,March,False
2024-03-21 08:00:00,175,8,21,Thursday,March,False
2024-03-21 07:00:00,166,7,21,Thursday,March,False
2024-03-21 06:00:00,136,6,21,Thursday,March,False
2024-03-21 05:00:00,138,5,21,Thursday,March,False
2024-03-21 04:00:00,163,4,21,Thursday,March,False
2024-03-21 03:00:00,2177,3,21,Thursday,March,False
2024-03-21 02:00:00,9121,2,21,Thursday,March,False
2024-03-21 01:00:00,10908,1,21,Thursday,March,False
2024-03-21 00:00:00,12297,0,21,Thursday,March,False
2024-03-20 23:00:00,13077,23,20,Wednesday,March,False
2024-03-20 22:00:00,13955,22,20,Wednesday,March,False
2024-03-20 21:00:00,14252,21,20,Wednesday,March,True
2024-03-20 20:00:00,14282,20,20,Wednesday,March,True
2024-03-20 19:00:00,14029,19,20,Wednesday,March,False
2024-03-20 18:00:00,14089,18,20,Wednesday,March,False
2024-03-20 17:00:00,11223,17,20,Wednesday,March,False
2024-03-20 16:00:00,3746,16,20,Wednesday,March,False
2024-03-20 15:00:00,313,15,20,Wednesday,March,False
2024-03-20 14:00:00,88,14,20,Wednesday,March,False
2024-03-20 13:00:00,106,13,20,Wednesday,March,False
2024-03-20 12:00:00,96,12,20,Wednesday,March,False
2024-03-20 11:00:00,117,11,20,Wednesday,March,False
2024-03-20 10:00:00,128,10,20,Wednesday,March,False
2024-03-20 09:00:00,134,9,20,Wednesday,March,False
2024-03-20 08:00:00,126,8,20,Wednesday,March,False
2024-03-20 07:00:00,128,7,20,Wednesday,March,False
2024-03-20 06:00:00,98,6,20,Wednesday,March,False
2024-03-20 05:00:00,106,5,20,Wednesday,March,False
2024-03-20 04:00:00,98,4,20,Wednesday,March,False
2024-03-20 03:00:00,2239,3,20,Wednesday,March,False
2024-03-20 02:00:00,9124,2,20,Wednesday,March,False
2024-03-20 01:00:00,11682,1,20,Wednesday,March,False
2024-03-20 00:00:00,12631,0,20,Wednesday,March,False
2024-03-19 23:00:00,13614,23,19,Tuesday,March,False
2024-03-19 22:00:00,14369,22,19,Tuesday,March,True
2024-03-19 21:00:00,14646,21,19,Tuesday,March,True
2024-03-19 20:00:00,14613,20,19,Tuesday,March,True
2024-03-19 19:00:00,14207,19,19,Tuesday,March,True
2024-03-19 18:00:00,13994,18,19,Tuesday,March,False
2024-03-19 17:00:00,10610,17,19,Tuesday,March,False
2024-03-19 16:00:00,3606,16,19,Tuesday,March,False
2024-03-19 15:00:00,356,15,19,Tuesday,March,False
2024-03-19 14:00:00,95,14,19,Tuesday,March,False
2024-03-19 13:00:00,58,13,19,Tuesday,March,False
2024-03-19 12:00:00,74,12,19,Tuesday,March,False
2024-03-19 11:00:00,73,11,19,Tuesday,March,False
2024-03-19 10:00:00,64,10,19,Tuesday,March,False
2024-03-19 09:00:00,56,9,19,Tuesday,March,False
2024-03-19 08:00:00,39,8,19,Tuesday,March,False
2024-03-19 07:00:00,26,7,19,Tuesday,March,False
2024-03-19 06:00:00,32,6,19,Tuesday,March,False
2024-03-19 03:00:00,1890,3,19,Tuesday,March,False
2024-03-19 02:00:00,7516,2,19,Tuesday,March,False
2024-03-19 01:00:00,9492,1,19,Tuesday,March,False
2024-03-19 00:00:00,11213,0,19,Tuesday,March,False
2024-03-18 23:00:00,12418,23,18,Monday,March,False
2024-03-18 22:00:00,12479,22,18,Monday,March,False
2024-03-18 21:00:00,13594,21,18,Monday,March,False
2024-03-18 20:00:00,14085,20,18,Monday,March,False
2024-03-18 19:00:00,14093,19,18,Monday,March,False
2024-03-18 18:00:00,12982,18,18,Monday,March,False
2024-03-18 17:00:00,10079,17,18,Monday,March,False
2024-03-18 16:00:00,3193,16,18,Monday,March,False
2024-03-18 15:00:00,266,15,18,Monday,March,False
2024-03-18 10:00:00,20,10,18,Monday,March,False
2024-03-18 09:00:00,75,9,18,Monday,March,False
2024-03-18 08:00:00,71,8,18,Monday,March,False
2024-03-18 07:00:00,54,7,18,Monday,March,False
2024-03-18 06:00:00,35,6,18,Monday,March,False
2024-03-18 05:00:00,39,5,18,Monday,March,False
2024-03-18 04:00:00,76,4,18,Monday,March,False
2024-03-18 03:00:00,1814,3,18,Monday,March,False
2024-03-18 02:00:00,7225,2,18,Monday,March,False
2024-03-18 01:00:00,9056,1,18,Monday,March,False
2024-03-18 00:00:00,9182,0,18,Monday,March,False
2024-03-17 23:00:00,10942,23,17,Sunday,March,False
2024-03-17 22:00:00,11846,22,17,Sunday,March,False
2024-03-17 21:00:00,11972,21,17,Sunday,March,False
2024-03-17 20:00:00,11897,20,17,Sunday,March,False
2024-03-17 19:00:00,12608,19,17,Sunday,March,False
2024-03-17 18:00:00,12576,18,17,Sunday,March,False
2024-03-17 17:00:00,10039,17,17,Sunday,March,False
2024-03-17 16:00:00,2913,16,17,Sunday,March,False
2024-03-17 15:00:00,211,15,17,Sunday,March,False
2024-03-17 14:00:00,30,14,17,Sunday,March,False
2024-03-17 13:00:00,69,13,17,Sunday,March,False
2024-03-17 12:00:00,89,12,17,Sunday,March,False
2024-03-17 11:00:00,119,11,17,Sunday,March,False
2024-03-17 10:00:00,110,10,17,Sunday,March,False
2024-03-17 09:00:00,113,9,17,Sunday,March,False
2024-03-17 08:00:00,129,8,17,Sunday,March,False
2024-03-17 07:00:00,122,7,17,Sunday,March,False
2024-03-17 06:00:00,145,6,17,Sunday,March,False
2024-03-17 05:00:00,136,5,17,Sunday,March,False
2024-03-17 04:00:00,95,4,17,Sunday,March,False
2024-03-17 03:00:00,1453,3,17,Sunday,March,False
2024-03-17 02:00:00,5211,2,17,Sunday,March,False
2024-03-17 01:00:00,7238,1,17,Sunday,March,False
2024-03-17 00:00:00,8484,0,17,Sunday,March,False
2024-03-16 23:00:00,9353,23,16,Saturday,March,False
2024-03-16 22:00:00,10403,22,16,Saturday,March,False
2024-03-16 21:00:00,11613,21,16,Saturday,March,False
2024-03-16 20:00:00,12469,20,16,Saturday,March,False
2024-03-16 19:00:00,12567,19,16,Saturday,March,False
2024-03-16 18:00:00,11287,18,16,Saturday,March,False
2024-03-16 17:00:00,7923,17,16,Saturday,March,False
2024-03-16 16:00:00,1682,16,16,Saturday,March,False
2024-03-16 15:00:00,62,15,16,Saturday,March,False
2024-03-16 08:00:00,9,8,16,Saturday,March,False
2024-03-16 07:00:00,7,7,16,Saturday,March,False
2024-03-16 03:00:00,1041,3,16,Saturday,March,False
2024-03-16 02:00:00,4834,2,16,Saturday,March,False
2024-03-16 01:00:00,7119,1,16,Saturday,March,False
2024-03-16 00:00:00,8731,0,16,Saturday,March,False
2024-03-15 23:00:00,9805,23,15,Friday,March,False
2024-03-15 22:00:00,10787,22,15,Friday,March,False
2024-03-15 21:00:00,9772,21,15,Friday,March,False
2024-03-15 20:00:00,9603,20,15,Friday,March,False
2024-03-15 19:00:00,8640,19,15,Friday,March,False
2024-03-15 18:00:00,8593,18,15,Friday,March,False
2024-03-15 17:00:00,6014,17,15,Friday,March,False
2024-03-15 16:00:00,1458,16,15,Friday,March,False
2024-03-15 15:00:00,144,15,15,Friday,March,False
2024-03-15 14:00:00,73,14,15,Friday,March,False
2024-03-15 13:00:00,73,13,15,Friday,March,False
2024-03-15 12:00:00,76,12,15,Friday,March,False
2024-03-15 11:00:00,78,11,15,Friday,March,False
2024-03-15 10:00:00,68,10,15,Friday,March,False
2024-03-15 09:00:00,61,9,15,Friday,March,False
2024-03-15 08:00:00,49,8,15,Friday,March,False
2024-03-15 07:00:00,43,7,15,Friday,March,False
2024-03-15 06:00:00,51,6,15,Friday,March,False
2024-03-15 05:00:00,59,5,15,Friday,March,False
2024-03-15 04:00:00,66,4,15,Friday,March,False
2024-03-15 03:00:00,1623,3,15,Friday,March,False
2024-03-15 02:00:00,7296,2,15,Friday,March,False
2024-03-15 01:00:00,10446,1,15,Friday,March,False
2024-03-15 00:00:00,12007,0,15,Friday,March,False
2024-03-14 23:00:00,12307,23,14,Thursday,March,False
2024-03-14 22:00:00,12570,22,14,Thursday,March,False
2024-03-14 21:00:00,12642,21,14,Thursday,March,False
2024-03-14 20:00:00,12713,20,14,Thursday,March,False
2024-03-14 19:00:00,12161,19,14,Thursday,March,False
2024-03-14 18:00:00,11574,18,14,Thursday,March,False
2024-03-14 17:00:00,8191,17,14,Thursday,March,False
2024-03-14 16:00:00,1732,16,14,Thursday,March,False
2024-03-14 15:00:00,181,15,14,Thursday,March,False
2024-03-14 14:00:00,72,14,14,Thursday,March,False
2024-03-14 13:00:00,80,13,14,Thursday,March,False
2024-03-14 12:00:00,76,12,14,Thursday,March,False
2024-03-14 11:00:00,75,11,14,Thursday,March,False
2024-03-14 10:00:00,76,10,14,Thursday,March,False
2024-03-14 09:00:00,77,9,14,Thursday,March,False
2024-03-14 08:00:00,84,8,14,Thursday,March,False
2024-03-14 07:00:00,87,7,14,Thursday,March,False
2024-03-14 06:00:00,79,6,14,Thursday,March,False
2024-03-14 05:00:00,78,5,14,Thursday,March,False
2024-03-14 04:00:00,51,4,14,Thursday,March,False
2024-03-14 03:00:00,1727,3,14,Thursday,March,False
2024-03-14 02:00:00,8030,2,14,Thursday,March,False
2024-03-14 01:00:00,10923,1,14,Thursday,March,False
2024-03-14 00:00:00,13007,0,14,Thursday,March,False
2024-03-13 23:00:00,13471,23,13,Wednesday,March,False
2024-03-13 22:00:00,13874,22,13,Wednesday,March,False
2024-03-13 21:00:00,13657,21,13,Wednesday,March,False
2024-03-13 20:00:00,13654,20,13,Wednesday,March,False
2024-03-13 19:00:00,13040,19,13,Wednesday,March,False
2024-03-13 18:00:00,12497,18,13,Wednesday,March,False
2024-03-13 17:00:00,8652,17,13,Wednesday,March,False
2024-03-13 16:00:00,2512,16,13,Wednesday,March,False
2024-03-13 15:00:00,149,15,13,Wednesday,March,False
2024-03-13 12:00:00,0,12,13,Wednesday,March,False
2024-03-13 11:00:00,2,11,13,Wednesday,March,False
2024-03-13 10:00:00,10,10,13,Wednesday,March,False
2024-03-13 09:00:00,5,9,13,Wednesday,March,False
2024-03-13 08:00:00,2,8,13,Wednesday,March,False
2024-03-13 07:00:00,14,7,13,Wednesday,March,False
2024-03-13 06:00:00,13,6,13,Wednesday,March,False
2024-03-13 05:00:00,22,5,13,Wednesday,March,False
2024-03-13 04:00:00,52,4,13,Wednesday,March,False
2024-03-13 03:00:00,1271,3,13,Wednesday,March,False
2024-03-13 02:00:00,7127,2,13,Wednesday,March,False
2024-03-13 01:00:00,10456,1,13,Wednesday,March,False
2024-03-13 00:00:00,12281,0,13,Wednesday,March,False
2024-03-12 23:00:00,13118,23,12,Tuesday,March,False
2024-03-12 22:00:00,13617,22,12,Tuesday,March,False
2024-03-12 21:00:00,13465,21,12,Tuesday,March,False
2024-03-12 20:00:00,12250,20,12,Tuesday,March,False
2024-03-12 19:00:00,10375,19,12,Tuesday,March,False
2024-03-12 18:00:00,8378,18,12,Tuesday,March,False
2024-03-12 17:00:00,4875,17,12,Tuesday,March,False
2024-03-12 16:00:00,1464,16,12,Tuesday,March,False
2024-03-12 15:00:00,90,15,12,Tuesday,March,False
2024-03-12 03:00:00,1178,3,12,Tuesday,March,False
2024-03-12 02:00:00,7236,2,12,Tuesday,March,False
2024-03-12 01:00:00,9189,1,12,Tuesday,March,False
2024-03-12 00:00:00,10850,0,12,Tuesday,March,False
2024-03-11 23:00:00,11513,23,11,Monday,March,False
2024-03-11 22:00:00,12014,22,11,Monday,March,False
2024-03-11 21:00:00,12546,21,11,Monday,March,False
2024-03-11 20:00:00,12694,20,11,Monday,March,False
2024-03-11 19:00:00,12826,19,11,Monday,March,False
2024-03-11 18:00:00,11599,18,11,Monday,March,False
2024-03-11 17:00:00,7937,17,11,Monday,March,False
2024-03-11 16:00:00,2018,16,11,Monday,March,False
2024-03-11 15:00:00,65,15,11,Monday,March,False
2024-03-11 03:00:00,806,3,11,Monday,March,False
2024-03-11 02:00:00,4846,2,11,Monday,March,False
2024-03-11 01:00:00,9098,1,11,Monday,March,False
2024-03-11 00:00:00,10661,0,11,Monday,March,False
2024-03-10 23:00:00,10955,23,10,Sunday,March,False
2024-03-10 22:00:00,11031,22,10,Sunday,March,False
2024-03-10 21:00:00,11685,21,10,Sunday,March,False
2024-03-10 20:00:00,11729,20,10,Sunday,March,False
2024-03-10 19:00:00,11387,19,10,Sunday,March,False
2024-03-10 18:00:00,10258,18,10,Sunday,March,False
2024-03-10 17:00:00,7006,17,10,Sunday,March,False
2024-03-10 16:00:00,1770,16,10,Sunday,March,False
2024-03-10 15:00:00,52,15,10,Sunday,March,False
2024-03-10 05:00:00,44,5,10,Sunday,March,False
2024-03-10 04:00:00,57,4,10,Sunday,March,False
2024-03-10 03:00:00,1252,3,10,Sunday,March,False
2024-03-10 02:00:00,6357,2,10,Sunday,March,False
2024-03-10 01:00:00,10178,1,10,Sunday,March,False
2024-03-10 00:00:00,11695,0,10,Sunday,March,False
2024-03-09 23:00:00,12468,23,9,Saturday,March,False
2024-03-09 22:00:00,13098,22,9,Saturday,March,False
2024-03-09 21:00:00,13439,21,9,Saturday,March,False
2024-03-09 20:00:00,13650,20,9,Saturday,March,False
2024-03-09 19:00:00,13331,19,9,Saturday,March,False
2024-03-09 18:00:00,12270,18,9,Saturday,March,False
2024-03-09 17:00:00,8588,17,9,Saturday,March,False
2024-03-09 16:00:00,2095,16,9,Saturday,March,False
2024-03-09 15:00:00,149,15,9,Saturday,March,False
2024-03-09 14:00:00,7,14,9,Saturday,March,False
2024-03-09 12:00:00,11,12,9,Saturday,March,False
2024-03-09 11:00:00,1,11,9,Saturday,March,False
2024-03-09 10:00:00,29,10,9,Saturday,March,False
2024-03-09 09:00:00,32,9,9,Saturday,March,False
2024-03-09 08:00:00,4,8,9,Saturday,March,False
2024-03-09 03:00:00,1430,3,9,Saturday,March,False
2024-03-09 02:00:00,7802,2,9,Saturday,March,False
2024-03-09 01:00:00,11154,1,9,Saturday,March,False
2024-03-09 00:00:00,12630,0,9,Saturday,March,False
2024-03-08 23:00:00,13199,23,8,Friday,March,False
2024-03-08 22:00:00,13196,22,8,Friday,March,False
2024-03-08 21:00:00,13172,21,8,Friday,March,False
2024-03-08 20:00:00,13186,20,8,Friday,March,False
2024-03-08 19:00:00,13196,19,8,Friday,March,False
2024-03-08 18:00:00,12990,18,8,Friday,March,False
2024-03-08 17:00:00,8825,17,8,Friday,March,False
2024-03-08 16:00:00,2141,16,8,Friday,March,False
2024-03-08 15:00:00,91,15,8,Friday,March,False
2024-03-08 03:00:00,1104,3,8,Friday,March,False
2024-03-08 02:00:00,6293,2,8,Friday,March,False
2024-03-08 01:00:00,8951,1,8,Friday,March,False
2024-03-08 00:00:00,10392,0,8,Friday,March,False
2024-03-07 23:00:00,11236,23,7,Thursday,March,False
2024-03-07 22:00:00,11798,22,7,Thursday,March,False
2024-03-07 21:00:00,11536,21,7,Thursday,March,False
2024-03-07 20:00:00,11579,20,7,Thursday,March,False
2024-03-07 19:00:00,11727,19,7,Thursday,March,False
2024-03-07 18:00:00,10852,18,7,Thursday,March,False
2024-03-07 17:00:00,6680,17,7,Thursday,March,False
2024-03-07 16:00:00,1222,16,7,Thursday,March,False
2024-03-07 15:00:00,83,15,7,Thursday,March,False
2024-03-07 09:00:00,15,9,7,Thursday,March,False
2024-03-07 08:00:00,11,8,7,Thursday,March,False
2024-03-07 07:00:00,0,7,7,Thursday,March,False
2024-03-07 06:00:00,2,6,7,Thursday,March,False
2024-03-07 03:00:00,209,3,7,Thursday,March,False
2024-03-07 02:00:00,2084,2,7,Thursday,March,False
2024-03-07 01:00:00,4547,1,7,Thursday,March,False
2024-03-07 00:00:00,7933,0,7,Thursday,March,False
2024-03-06 23:00:00,10463,23,6,Wednesday,March,False
2024-03-06 22:00:00,11065,22,6,Wednesday,March,False
2024-03-06 21:00:00,12370,21,6,Wednesday,March,False
2024-03-06 20:00:00,12867,20,6,Wednesday,March,False
2024-03-06 19:00:00,12292,19,6,Wednesday,March,False
2024-03-06 18:00:00,10861,18,6,Wednesday,March,False
2024-03-06 17:00:00,6081,17,6,Wednesday,March,False
2024-03-06 16:00:00,980,16,6,Wednesday,March,False
2024-03-06 15:00:00,67,15,6,Wednesday,March,False
2024-03-06 03:00:00,1309,3,6,Wednesday,March,False
2024-03-06 02:00:00,6402,2,6,Wednesday,March,False
2024-03-06 01:00:00,8917,1,6,Wednesday,March,False
2024-03-06 00:00:00,10743,0,6,Wednesday,March,False
2024-03-05 23:00:00,12159,23,5,Tuesday,March,False
2024-03-05 22:00:00,12891,22,5,Tuesday,March,False
2024-03-05 21:00:00,13394,21,5,Tuesday,March,False
2024-03-05 20:00:00,13638,20,5,Tuesday,March,False
2024-03-05 19:00:00,12836,19,5,Tuesday,March,False
2024-03-05 18:00:00,12165,18,5,Tuesday,March,False
2024-03-05 17:00:00,8277,17,5,Tuesday,March,False
2024-03-05 16:00:00,1560,16,5,Tuesday,March,False
2024-03-05 15:00:00,86,15,5,Tuesday,March,False
2024-03-05 14:00:00,0,14,5,Tuesday,March,False
2024-03-05 03:00:00,825,3,5,Tuesday,March,False
2024-03-05 02:00:00,5042,2,5,Tuesday,March,False
2024-03-05 01:00:00,7892,1,5,Tuesday,March,False
2024-03-05 00:00:00,9581,0,5,Tuesday,March,False
2024-03-04 23:00:00,10470,23,4,Monday,March,False
2024-03-04 22:00:00,10782,22,4,Monday,March,False
2024-03-04 21:00:00,11288,21,4,Monday,March,False
2024-03-04 20:00:00,11694,20,4,Monday,March,False
2024-03-04 19:00:00,11136,19,4,Monday,March,False
2024-03-04 18:00:00,10101,18,4,Monday,March,False
2024-03-04 17:00:00,6813,17,4,Monday,March,False
2024-03-04 16:00:00,1709,16,4,Monday,March,False
2024-03-04 15:00:00,55,15,4,Monday,March,False
2024-03-04 04:00:00,22,4,4,Monday,March,False
2024-03-04 03:00:00,838,3,4,Monday,March,False
2024-03-04 02:00:00,5282,2,4,Monday,March,False
2024-03-04 01:00:00,7934,1,4,Monday,March,False
2024-03-04 00:00:00,9004,0,4,Monday,March,False
2024-03-03 23:00:00,9213,23,3,Sunday,March,False
2024-03-03 22:00:00,9595,22,3,Sunday,March,False
2024-03-03 21:00:00,9806,21,3,Sunday,March,False
2024-03-03 20:00:00,9352,20,3,Sunday,March,False
2024-03-03 19:00:00,9193,19,3,Sunday,March,False
2024-03-03 18:00:00,8780,18,3,Sunday,March,False
2024-03-03 17:00:00,6662,17,3,Sunday,March,False
2024-03-03 16:00:00,1440,16,3,Sunday,March,False
2024-03-03 15:00:00,88,15,3,Sunday,March,False
2024-03-03 13:00:00,3,13,3,Sunday,March,False
2024-03-03 11:00:00,3,11,3,Sunday,March,False
2024-03-03 10:00:00,16,10,3,Sunday,March,False
2024-03-03 09:00:00,9,9,3,Sunday,March,False
2024-03-03 08:00:00,38,8,3,Sunday,March,False
2024-03-03 07:00:00,17,7,3,Sunday,March,False
2024-03-03 06:00:00,17,6,3,Sunday,March,False
2024-03-03 05:00:00,97,5,3,Sunday,March,False
2024-03-03 04:00:00,137,4,3,Sunday,March,False
2024-03-03 03:00:00,614,3,3,Sunday,March,False
2024-03-03 02:00:00,4240,2,3,Sunday,March,False
2024-03-03 01:00:00,7925,1,3,Sunday,March,False
2024-03-03 00:00:00,10872,0,3,Sunday,March,False
2024-03-02 23:00:00,11680,23,2,Saturday,March,False
2024-03-02 22:00:00,11694,22,2,Saturday,March,False
2024-03-02 21:00:00,11491,21,2,Saturday,March,False
2024-03-02 20:00:00,10869,20,2,Saturday,March,False
2024-03-02 19:00:00,10287,19,2,Saturday,March,False
2024-03-02 18:00:00,9007,18,2,Saturday,March,False
2024-03-02 17:00:00,6147,17,2,Saturday,March,False
2024-03-02 16:00:00,1521,16,2,Saturday,March,False
2024-03-02 15:00:00,100,15,2,Saturday,March,False
2024-03-02 14:00:00,21,14,2,Saturday,March,False
2024-03-02 13:00:00,15,13,2,Saturday,March,False
2024-03-02 12:00:00,22,12,2,Saturday,March,False
2024-03-02 11:00:00,31,11,2,Saturday,March,False
2024-03-02 10:00:00,30,10,2,Saturday,March,False
2024-03-02 09:00:00,24,9,2,Saturday,March,False
2024-03-02 08:00:00,38,8,2,Saturday,March,False
2024-03-02 07:00:00,58,7,2,Saturday,March,False
2024-03-02 06:00:00,60,6,2,Saturday,March,False
2024-03-02 05:00:00,43,5,2,Saturday,March,False
2024-03-02 04:00:00,51,4,2,Saturday,March,False
2024-03-02 03:00:00,725,3,2,Saturday,March,False
2024-03-02 02:00:00,5237,2,2,Saturday,March,False
2024-03-02 01:00:00,8826,1,2,Saturday,March,False
2024-03-02 00:00:00,10502,0,2,Saturday,March,False
2024-03-01 23:00:00,11372,23,1,Friday,March,False
2024-03-01 22:00:00,11959,22,1,Friday,March,False
2024-03-01 21:00:00,12346,21,1,Friday,March,False
2024-03-01 20:00:00,12490,20,1,Friday,March,False
2024-03-01 19:00:00,11487,19,1,Friday,March,False
2024-03-01 18:00:00,10226,18,1,Friday,March,False
2024-03-01 17:00:00,7091,17,1,Friday,March,False
2024-03-01 16:00:00,1455,16,1,Friday,March,False
2024-03-01 15:00:00,98,15,1,Friday,March,False
2024-03-01 14:00:00,13,14,1,Friday,March,False
2024-03-01 13:00:00,26,13,1,Friday,March,False
2024-03-01 12:00:00,6,12,1,Friday,March,False
2024-03-01 09:00:00,8,9,1,Friday,March,False
2024-03-01 08:00:00,11,8,1,Friday,March,False
2024-03-01 07:00:00,17,7,1,Friday,March,False
2024-03-01 06:00:00,15,6,1,Friday,March,False
2024-03-01 05:00:00,14,5,1,Friday,March,False
2024-03-01 04:00:00,18,4,1,Friday,March,False
2024-03-01 03:00:00,833,3,1,Friday,March,False
2024-03-01 02:00:00,5813,2,1,Friday,March,False
2024-03-01 01:00:00,9328,1,1,Friday,March,False
2024-03-01 00:00:00,10961,0,1,Friday,March,False
2024-02-29 23:00:00,12450,23,29,Thursday,February,False
2024-02-29 22:00:00,13253,22,29,Thursday,February,False
2024-02-29 21:00:00,13542,21,29,Thursday,February,False
2024-02-29 20:00:00,13755,20,29,Thursday,February,False
2024-02-29 19:00:00,13040,19,29,Thursday,February,False
2024-02-29 18:00:00,12669,18,29,Thursday,February,False
2024-02-29 17:00:00,7831,17,29,Thursday,February,False
2024-02-29 16:00:00,1288,16,29,Thursday,February,False
2024-02-29 15:00:00,23,15,29,Thursday,February,False
2024-02-29 03:00:00,1030,3,29,Thursday,February,False
2024-02-29 02:00:00,7616,2,29,Thursday,February,False
2024-02-29 01:00:00,11538,1,29,Thursday,February,False
2024-02-29 00:00:00,12854,0,29,Thursday,February,False
2024-02-28 23:00:00,13367,23,28,Wednesday,February,False
2024-02-28 22:00:00,13549,22,28,Wednesday,February,False
2024-02-28 21:00:00,13913,21,28,Wednesday,February,False
2024-02-28 20:00:00,13520,20,28,Wednesday,February,False
2024-02-28 19:00:00,13013,19,28,Wednesday,February,False
2024-02-28 18:00:00,12743,18,28,Wednesday,February,False
2024-02-28 17:00:00,7463,17,28,Wednesday,February,False
2024-02-28 16:00:00,1237,16,28,Wednesday,February,False
2024-02-28 15:00:00,46,15,28,Wednesday,February,False
2024-02-28 03:00:00,841,3,28,Wednesday,February,False
2024-02-28 02:00:00,6781,2,28,Wednesday,February,False
2024-02-28 01:00:00,11251,1,28,Wednesday,February,False
2024-02-28 00:00:00,12800,0,28,Wednesday,February,False
2024-02-27 23:00:00,12665,23,27,Tuesday,February,False
2024-02-27 22:00:00,12569,22,27,Tuesday,February,False
2024-02-27 21:00:00,12528,21,27,Tuesday,February,False
2024-02-27 20:00:00,12383,20,27,Tuesday,February,False
2024-02-27 19:00:00,12795,19,27,Tuesday,February,False
2024-02-27 18:00:00,11696,18,27,Tuesday,February,False
2024-02-27 17:00:00,6551,17,27,Tuesday,February,False
2024-02-27 16:00:00,1091,16,27,Tuesday,February,False
2024-02-27 15:00:00,137,15,27,Tuesday,February,False
2024-02-27 14:00:00,74,14,27,Tuesday,February,False
2024-02-27 13:00:00,73,13,27,Tuesday,February,False
2024-02-27 12:00:00,33,12,27,Tuesday,February,False
2024-02-27 11:00:00,43,11,27,Tuesday,February,False
2024-02-27 10:00:00,67,10,27,Tuesday,February,False
2024-02-27 09:00:00,61,9,27,Tuesday,February,False
2024-02-27 08:00:00,53,8,27,Tuesday,February,False
2024-02-27 07:00:00,68,7,27,Tuesday,February,False
2024-02-27 06:00:00,92,6,27,Tuesday,February,False
2024-02-27 05:00:00,97,5,27,Tuesday,February,False
2024-02-27 04:00:00,89,4,27,Tuesday,February,False
2024-02-27 03:00:00,275,3,27,Tuesday,February,False
2024-02-27 02:00:00,1863,2,27,Tuesday,February,False
2024-02-27 01:00:00,3569,1,27,Tuesday,February,False
2024-02-27 00:00:00,4753,0,27,Tuesday,February,False
2024-02-26 23:00:00,6524,23,26,Monday,February,False
2024-02-26 22:00:00,8798,22,26,Monday,February,False
2024-02-26 21:00:00,9757,21,26,Monday,February,False
2024-02-26 20:00:00,9281,20,26,Monday,February,False
2024-02-26 19:00:00,8169,19,26,Monday,February,False
2024-02-26 18:00:00,6133,18,26,Monday,February,False
2024-02-26 17:00:00,2967,17,26,Monday,February,False
2024-02-26 16:00:00,474,16,26,Monday,February,False
2024-02-26 15:00:00,94,15,26,Monday,February,False
2024-02-26 14:00:00,55,14,26,Monday,February,False
2024-02-26 13:00:00,57,13,26,Monday,February,False
2024-02-26 12:00:00,68,12,26,Monday,February,False
2024-02-26 11:00:00,89,11,26,Monday,February,False
2024-02-26 10:00:00,117,10,26,Monday,February,False
2024-02-26 09:00:00,115,9,26,Monday,February,False
2024-02-26 08:00:00,94,8,26,Monday,February,False
2024-02-26 07:00:00,98,7,26,Monday,February,False
2024-02-26 06:00:00,94,6,26,Monday,February,False
2024-02-26 05:00:00,108,5,26,Monday,February,False
2024-02-26 04:00:00,90,4,26,Monday,February,False
2024-02-26 03:00:00,742,3,26,Monday,February,False
2024-02-26 02:00:00,5095,2,26,Monday,February,False
2024-02-26 01:00:00,8425,1,26,Monday,February,False
2024-02-26 00:00:00,9623,0,26,Monday,February,False
2024-02-25 23:00:00,10244,23,25,Sunday,February,False
2024-02-25 22:00:00,10120,22,25,Sunday,February,False
2024-02-25 21:00:00,10138,21,25,Sunday,February,False
2024-02-25 20:00:00,10432,20,25,Sunday,February,False
2024-02-25 19:00:00,9950,19,25,Sunday,February,False
2024-02-25 18:00:00,8932,18,25,Sunday,February,False
2024-02-25 17:00:00,3983,17,25,Sunday,February,False
2024-02-25 16:00:00,477,16,25,Sunday,February,False
2024-02-25 15:00:00,89,15,25,Sunday,February,False
2024-02-25 14:00:00,58,14,25,Sunday,February,False
2024-02-25 13:00:00,53,13,25,Sunday,February,False
2024-02-25 12:00:00,52,12,25,Sunday,February,False
2024-02-25 11:00:00,51,11,25,Sunday,February,False
2024-02-25 10:00:00,53,10,25,Sunday,February,False
2024-02-25 09:00:00,52,9,25,Sunday,February,False
2024-02-25 08:00:00,52,8,25,Sunday,February,False
2024-02-25 07:00:00,53,7,25,Sunday,February,False
2024-02-25 06:00:00,52,6,25,Sunday,February,False
2024-02-25 05:00:00,51,5,25,Sunday,February,False
2024-02-25 04:00:00,47,4,25,Sunday,February,False
2024-02-25 03:00:00,663,3,25,Sunday,February,False
2024-02-25 02:00:00,5188,2,25,Sunday,February,False
2024-02-25 01:00:00,8670,1,25,Sunday,February,False
2024-02-25 00:00:00,10620,0,25,Sunday,February,False
2024-02-24 23:00:00,10486,23,24,Saturday,February,False
2024-02-24 22:00:00,10621,22,24,Saturday,February,False
2024-02-24 21:00:00,11102,21,24,Saturday,February,False
2024-02-24 20:00:00,10830,20,24,Saturday,February,False
2024-02-24 19:00:00,9492,19,24,Saturday,February,False
2024-02-24 18:00:00,6922,18,24,Saturday,February,False
2024-02-24 17:00:00,3007,17,24,Saturday,February,False
2024-02-24 16:00:00,446,16,24,Saturday,February,False
2024-02-24 15:00:00,29,15,24,Saturday,February,False
2024-02-24 14:00:00,17,14,24,Saturday,February,False
2024-02-24 13:00:00,16,13,24,Saturday,February,False
2024-02-24 12:00:00,16,12,24,Saturday,February,False
2024-02-24 11:00:00,16,11,24,Saturday,February,False
2024-02-24 10:00:00,16,10,24,Saturday,February,False
2024-02-24 09:00:00,18,9,24,Saturday,February,False
2024-02-24 08:00:00,17,8,24,Saturday,February,False
2024-02-24 07:00:00,18,7,24,Saturday,February,False
2024-02-24 06:00:00,18,6,24,Saturday,February,False
2024-02-24 05:00:00,123,5,24,Saturday,February,False
2024-02-24 04:00:00,135,4,24,Saturday,February,False
2024-02-24 03:00:00,659,3,24,Saturday,February,False
2024-02-24 02:00:00,5872,2,24,Saturday,February,False
2024-02-24 01:00:00,9797,1,24,Saturday,February,False
2024-02-24 00:00:00,12267,0,24,Saturday,February,False
2024-02-23 23:00:00,13297,23,23,Friday,February,False
2024-02-23 22:00:00,13475,22,23,Friday,February,False
2024-02-23 21:00:00,13388,21,23,Friday,February,False
2024-02-23 20:00:00,12382,20,23,Friday,February,False
2024-02-23 19:00:00,11675,19,23,Friday,February,False
2024-02-23 18:00:00,8189,18,23,Friday,February,False
2024-02-23 17:00:00,3769,17,23,Friday,February,False
2024-02-23 16:00:00,660,16,23,Friday,February,False
2024-02-23 15:00:00,61,15,23,Friday,February,False
2024-02-23 14:00:00,33,14,23,Friday,February,False
2024-02-23 13:00:00,26,13,23,Friday,February,False
2024-02-23 12:00:00,21,12,23,Friday,February,False
2024-02-23 11:00:00,18,11,23,Friday,February,False
2024-02-23 10:00:00,18,10,23,Friday,February,False
2024-02-23 09:00:00,18,9,23,Friday,February,False
2024-02-23 08:00:00,18,8,23,Friday,February,False
2024-02-23 07:00:00,65,7,23,Friday,February,False
2024-02-23 06:00:00,80,6,23,Friday,February,False
2024-02-23 05:00:00,79,5,23,Friday,February,False
2024-02-23 04:00:00,73,4,23,Friday,February,False
2024-02-23 03:00:00,765,3,23,Friday,February,False
2024-02-23 02:00:00,6682,2,23,Friday,February,False
2024-02-23 01:00:00,10902,1,23,Friday,February,False
2024-02-23 00:00:00,12509,0,23,Friday,February,False
2024-02-22 23:00:00,13660,23,22,Thursday,February,False
2024-02-22 22:00:00,13919,22,22,Thursday,February,False
2024-02-22 21:00:00,14259,21,22,Thursday,February,True
2024-02-22 20:00:00,13876,20,22,Thursday,February,False
2024-02-22 19:00:00,13687,19,22,Thursday,February,False
2024-02-22 18:00:00,12850,18,22,Thursday,February,False
2024-02-22 17:00:00,6943,17,22,Thursday,February,False
2024-02-22 16:00:00,1071,16,22,Thursday,February,False
2024-02-22 15:00:00,89,15,22,Thursday,February,False
2024-02-22 14:00:00,40,14,22,Thursday,February,False
2024-02-22 13:00:00,41,13,22,Thursday,February,False
2024-02-22 12:00:00,41,12,22,Thursday,February,False
2024-02-22 11:00:00,44,11,22,Thursday,February,False
2024-02-22 10:00:00,46,10,22,Thursday,February,False
2024-02-22 09:00:00,49,9,22,Thursday,February,False
2024-02-22 08:00:00,55,8,22,Thursday,February,False
2024-02-22 07:00:00,67,7,22,Thursday,February,False
2024-02-22 06:00:00,59,6,22,Thursday,February,False
2024-02-22 05:00:00,98,5,22,Thursday,February,False
2024-02-22 04:00:00,98,4,22,Thursday,February,False
2024-02-22 03:00:00,483,3,22,Thursday,February,False
2024-02-22 02:00:00,3968,2,22,Thursday,February,False
2024-02-22 01:00:00,8109,1,22,Thursday,February,False
2024-02-22 00:00:00,10397,0,22,Thursday,February,False
2024-02-21 23:00:00,11167,23,21,Wednesday,February,False
2024-02-21 22:00:00,11783,22,21,Wednesday,February,False
2024-02-21 21:00:00,12420,21,21,Wednesday,February,False
2024-02-21 20:00:00,11984,20,21,Wednesday,February,False
2024-02-21 19:00:00,12694,19,21,Wednesday,February,False
2024-02-21 18:00:00,11616,18,21,Wednesday,February,False
2024-02-21 17:00:00,4596,17,21,Wednesday,February,False
2024-02-21 16:00:00,560,16,21,Wednesday,February,False
2024-02-21 15:00:00,18,15,21,Wednesday,February,False
2024-02-21 14:00:00,15,14,21,Wednesday,February,False
2024-02-21 13:00:00,17,13,21,Wednesday,February,False
2024-02-21 12:00:00,15,12,21,Wednesday,February,False
2024-02-21 11:00:00,15,11,21,Wednesday,February,False
2024-02-21 10:00:00,44,10,21,Wednesday,February,False
2024-02-21 09:00:00,75,9,21,Wednesday,February,False
2024-02-21 08:00:00,73,8,21,Wednesday,February,False
2024-02-21 07:00:00,76,7,21,Wednesday,February,False
2024-02-21 06:00:00,78,6,21,Wednesday,February,False
2024-02-21 05:00:00,77,5,21,Wednesday,February,False
2024-02-21 04:00:00,74,4,21,Wednesday,February,False
2024-02-21 03:00:00,242,3,21,Wednesday,February,False
2024-02-21 02:00:00,1761,2,21,Wednesday,February,False
2024-02-21 01:00:00,3382,1,21,Wednesday,February,False
2024-02-21 00:00:00,5277,0,21,Wednesday,February,False
2024-02-20 23:00:00,6811,23,20,Tuesday,February,False
2024-02-20 22:00:00,8336,22,20,Tuesday,February,False
2024-02-20 21:00:00,9222,21,20,Tuesday,February,False
2024-02-20 20:00:00,10084,20,20,Tuesday,February,False
2024-02-20 19:00:00,9941,19,20,Tuesday,February,False
2024-02-20 18:00:00,8015,18,20,Tuesday,February,False
2024-02-20 17:00:00,3773,17,20,Tuesday,February,False
2024-02-20 16:00:00,526,16,20,Tuesday,February,False
2024-02-20 15:00:00,45,15,20,Tuesday,February,False
2024-02-20 14:00:00,29,14,20,Tuesday,February,False
2024-02-20 13:00:00,43,13,20,Tuesday,February,False
2024-02-20 12:00:00,63,12,20,Tuesday,February,False
2024-02-20 11:00:00,71,11,20,Tuesday,February,False
2024-02-20 10:00:00,56,10,20,Tuesday,February,False
2024-02-20 09:00:00,50,9,20,Tuesday,February,False
2024-02-20 08:00:00,52,8,20,Tuesday,February,False
2024-02-20 07:00:00,53,7,20,Tuesday,February,False
2024-02-20 06:00:00,46,6,20,Tuesday,February,False
2024-02-20 05:00:00,45,5,20,Tuesday,February,False
2024-02-20 04:00:00,123,4,20,Tuesday,February,False
2024-02-20 03:00:00,452,3,20,Tuesday,February,False
2024-02-20 02:00:00,3577,2,20,Tuesday,February,False
2024-02-20 01:00:00,8076,1,20,Tuesday,February,False
2024-02-20 00:00:00,10364,0,20,Tuesday,February,False
2024-02-19 23:00:00,11088,23,19,Monday,February,False
2024-02-19 22:00:00,11538,22,19,Monday,February,False
2024-02-19 21:00:00,11844,21,19,Monday,February,False
2024-02-19 20:00:00,10895,20,19,Monday,February,False
2024-02-19 19:00:00,10579,19,19,Monday,February,False
2024-02-19 18:00:00,8925,18,19,Monday,February,False
2024-02-19 17:00:00,2287,17,19,Monday,February,False
2024-02-19 16:00:00,704,16,19,Monday,February,False
2024-02-19 15:00:00,66,15,19,Monday,February,False
2024-02-19 14:00:00,43,14,19,Monday,February,False
2024-02-19 13:00:00,37,13,19,Monday,February,False
2024-02-19 12:00:00,45,12,19,Monday,February,False
2024-02-19 11:00:00,20,11,19,Monday,February,False
2024-02-19 10:00:00,20,10,19,Monday,February,False
2024-02-19 09:00:00,23,9,19,Monday,February,False
2024-02-19 08:00:00,29,8,19,Monday,February,False
2024-02-19 07:00:00,27,7,19,Monday,February,False
2024-02-19 06:00:00,78,6,19,Monday,February,False
2024-02-19 05:00:00,108,5,19,Monday,February,False
2024-02-19 04:00:00,141,4,19,Monday,February,False
2024-02-19 03:00:00,357,3,19,Monday,February,False
2024-02-19 02:00:00,3705,2,19,Monday,February,False
2024-02-19 01:00:00,7691,1,19,Monday,February,False
2024-02-19 00:00:00,10308,0,19,Monday,February,False
2024-02-18 23:00:00,10917,23,18,Sunday,February,False
2024-02-18 22:00:00,11801,22,18,Sunday,February,False
2024-02-18 21:00:00,12512,21,18,Sunday,February,False
2024-02-18 20:00:00,13208,20,18,Sunday,February,False
2024-02-18 19:00:00,13104,19,18,Sunday,February,False
2024-02-18 18:00:00,11996,18,18,Sunday,February,False
2024-02-18 17:00:00,5831,17,18,Sunday,February,False
2024-02-18 16:00:00,811,16,18,Sunday,February,False
2024-02-18 15:00:00,67,15,18,Sunday,February,False
2024-02-18 14:00:00,50,14,18,Sunday,February,False
2024-02-18 13:00:00,41,13,18,Sunday,February,False
2024-02-18 12:00:00,34,12,18,Sunday,February,False
2024-02-18 11:00:00,36,11,18,Sunday,February,False
2024-02-18 10:00:00,37,10,18,Sunday,February,False
2024-02-18 09:00:00,29,9,18,Sunday,February,False
2024-02-18 08:00:00,32,8,18,Sunday,February,False
2024-02-18 07:00:00,29,7,18,Sunday,February,False
2024-02-18 06:00:00,32,6,18,Sunday,February,False
2024-02-18 05:00:00,80,5,18,Sunday,February,False
2024-02-18 04:00:00,52,4,18,Sunday,February,False
2024-02-18 03:00:00,237,3,18,Sunday,February,False
2024-02-18 02:00:00,2850,2,18,Sunday,February,False
2024-02-18 01:00:00,7201,1,18,Sunday,February,False
2024-02-18 00:00:00,9523,0,18,Sunday,February,False
2024-02-17 23:00:00,10426,23,17,Saturday,February,False
2024-02-17 22:00:00,11033,22,17,Saturday,February,False
2024-02-17 21:00:00,11585,21,17,Saturday,February,False
2024-02-17 20:00:00,12208,20,17,Saturday,February,False
2024-02-17 19:00:00,11588,19,17,Saturday,February,False
2024-02-17 18:00:00,9503,18,17,Saturday,February,False
2024-02-17 17:00:00,5140,17,17,Saturday,February,False
2024-02-17 16:00:00,767,16,17,Saturday,February,False
2024-02-17 15:00:00,65,15,17,Saturday,February,False
2024-02-17 14:00:00,50,14,17,Saturday,February,False
2024-02-17 13:00:00,51,13,17,Saturday,February,False
2024-02-17 12:00:00,51,12,17,Saturday,February,False
2024-02-17 11:00:00,50,11,17,Saturday,February,False
2024-02-17 10:00:00,58,10,17,Saturday,February,False
2024-02-17 09:00:00,53,9,17,Saturday,February,False
2024-02-17 08:00:00,51,8,17,Saturday,February,False
2024-02-17 07:00:00,57,7,17,Saturday,February,False
2024-02-17 06:00:00,54,6,17,Saturday,February,False
2024-02-17 05:00:00,52,5,17,Saturday,February,False
2024-02-17 04:00:00,46,4,17,Saturday,February,False
2024-02-17 03:00:00,286,3,17,Saturday,February,False
2024-02-17 02:00:00,3354,2,17,Saturday,February,False
2024-02-17 01:00:00,8295,1,17,Saturday,February,False
2024-02-17 00:00:00,10670,0,17,Saturday,February,False
2024-02-16 23:00:00,12223,23,16,Friday,February,False
2024-02-16 22:00:00,12530,22,16,Friday,February,False
2024-02-16 21:00:00,13281,21,16,Friday,February,False
2024-02-16 20:00:00,12882,20,16,Friday,February,False
2024-02-16 19:00:00,12531,19,16,Friday,February,False
2024-02-16 18:00:00,9906,18,16,Friday,February,False
2024-02-16 17:00:00,4981,17,16,Friday,February,False
2024-02-16 16:00:00,673,16,16,Friday,February,False
2024-02-16 15:00:00,55,15,16,Friday,February,False
2024-02-16 14:00:00,32,14,16,Friday,February,False
2024-02-16 13:00:00,32,13,16,Friday,February,False
2024-02-16 12:00:00,33,12,16,Friday,February,False
2024-02-16 11:00:00,33,11,16,Friday,February,False
2024-02-16 10:00:00,33,10,16,Friday,February,False
2024-02-16 09:00:00,33,9,16,Friday,February,False
2024-02-16 08:00:00,38,8,16,Friday,February,False
2024-02-16 07:00:00,44,7,16,Friday,February,False
2024-02-16 06:00:00,45,6,16,Friday,February,False
2024-02-16 05:00:00,38,5,16,Friday,February,False
2024-02-16 04:00:00,40,4,16,Friday,February,False
2024-02-16 03:00:00,399,3,16,Friday,February,False
2024-02-16 02:00:00,4457,2,16,Friday,February,False
2024-02-16 01:00:00,9846,1,16,Friday,February,False
2024-02-16 00:00:00,11902,0,16,Friday,February,False
2024-02-15 23:00:00,12836,23,15,Thursday,February,False
2024-02-15 22:00:00,13400,22,15,Thursday,February,False
2024-02-15 21:00:00,13730,21,15,Thursday,February,False
2024-02-15 20:00:00,13144,20,15,Thursday,February,False
2024-02-15 19:00:00,12492,19,15,Thursday,February,False
2024-02-15 18:00:00,10153,18,15,Thursday,February,False
2024-02-15 17:00:00,4842,17,15,Thursday,February,False
2024-02-15 16:00:00,622,16,15,Thursday,February,False
2024-02-15 15:00:00,161,15,15,Thursday,February,False
2024-02-15 14:00:00,157,14,15,Thursday,February,False
2024-02-15 13:00:00,154,13,15,Thursday,February,False
2024-02-15 12:00:00,156,12,15,Thursday,February,False
2024-02-15 11:00:00,159,11,15,Thursday,February,False
2024-02-15 10:00:00,179,10,15,Thursday,February,False
2024-02-15 09:00:00,212,9,15,Thursday,February,False
2024-02-15 08:00:00,170,8,15,Thursday,February,False
2024-02-15 07:00:00,161,7,15,Thursday,February,False
2024-02-15 06:00:00,156,6,15,Thursday,February,False
2024-02-15 05:00:00,161,5,15,Thursday,February,False
2024-02-15 04:00:00,181,4,15,Thursday,February,False
2024-02-15 03:00:00,463,3,15,Thursday,February,False
2024-02-15 02:00:00,4221,2,15,Thursday,February,False
2024-02-15 01:00:00,9930,1,15,Thursday,February,False
2024-02-15 00:00:00,12094,0,15,Thursday,February,False
2024-02-14 23:00:00,12385,23,14,Wednesday,February,False
2024-02-14 22:00:00,12205,22,14,Wednesday,February,False
2024-02-14 21:00:00,12746,21,14,Wednesday,February,False
2024-02-14 20:00:00,13183,20,14,Wednesday,February,False
2024-02-14 19:00:00,13380,19,14,Wednesday,February,False
2024-02-14 18:00:00,11553,18,14,Wednesday,February,False
2024-02-14 17:00:00,5342,17,14,Wednesday,February,False
2024-02-14 16:00:00,640,16,14,Wednesday,February,False
2024-02-14 04:00:00,65,4,14,Wednesday,February,False
2024-02-14 03:00:00,452,3,14,Wednesday,February,False
2024-02-14 02:00:00,5167,2,14,Wednesday,February,False
2024-02-14 01:00:00,9532,1,14,Wednesday,February,False
2024-02-14 00:00:00,12213,0,14,Wednesday,February,False
2024-02-13 23:00:00,13224,23,13,Tuesday,February,False
2024-02-13 22:00:00,13611,22,13,Tuesday,February,False
2024-02-13 21:00:00,13904,21,13,Tuesday,February,False
2024-02-13 20:00:00,14613,20,13,Tuesday,February,True
2024-02-13 19:00:00,13516,19,13,Tuesday,February,False
2024-02-13 18:00:00,11195,18,13,Tuesday,February,False
2024-02-13 17:00:00,5517,17,13,Tuesday,February,False
2024-02-13 16:00:00,642,16,13,Tuesday,February,False
2024-02-13 07:00:00,73,7,13,Tuesday,February,False
2024-02-13 06:00:00,48,6,13,Tuesday,February,False
2024-02-13 05:00:00,48,5,13,Tuesday,February,False
2024-02-13 04:00:00,46,4,13,Tuesday,February,False
2024-02-13 03:00:00,394,3,13,Tuesday,February,False
2024-02-13 02:00:00,5212,2,13,Tuesday,February,False
2024-02-13 01:00:00,10755,1,13,Tuesday,February,False
2024-02-13 00:00:00,12766,0,13,Tuesday,February,False
2024-02-12 23:00:00,14036,23,12,Monday,February,False
2024-02-12 22:00:00,14139,22,12,Monday,February,True
2024-02-12 21:00:00,14188,21,12,Monday,February,True
2024-02-12 20:00:00,14786,20,12,Monday,February,True
2024-02-12 19:00:00,14790,19,12,Monday,February,True
2024-02-12 18:00:00,12997,18,12,Monday,February,False
2024-02-12 17:00:00,5855,17,12,Monday,February,False
2024-02-12 16:00:00,598,16,12,Monday,February,False
2024-02-12 07:00:00,29,7,12,Monday,February,False
2024-02-12 06:00:00,21,6,12,Monday,February,False
2024-02-12 04:00:00,190,4,12,Monday,February,False
2024-02-12 03:00:00,544,3,12,Monday,February,False
2024-02-12 02:00:00,5381,2,12,Monday,February,False
2024-02-12 01:00:00,10156,1,12,Monday,February,False
2024-02-12 00:00:00,12195,0,12,Monday,February,False
2024-02-11 23:00:00,13028,23,11,Sunday,February,False
2024-02-11 22:00:00,13416,22,11,Sunday,February,False
2024-02-11 21:00:00,13636,21,11,Sunday,February,False
2024-02-11 20:00:00,13791,20,11,Sunday,February,False
2024-02-11 19:00:00,13254,19,11,Sunday,February,False
2024-02-11 18:00:00,12427,18,11,Sunday,February,False
2024-02-11 17:00:00,2410,17,11,Sunday,February,False
2024-02-11 16:00:00,564,16,11,Sunday,February,False
2024-02-11 03:00:00,252,3,11,Sunday,February,False
2024-02-11 02:00:00,5279,2,11,Sunday,February,False
2024-02-11 01:00:00,10397,1,11,Sunday,February,False
2024-02-11 00:00:00,12768,0,11,Sunday,February,False
2024-02-10 23:00:00,13405,23,10,Saturday,February,False
2024-02-10 22:00:00,13918,22,10,Saturday,February,False
2024-02-10 21:00:00,13941,21,10,Saturday,February,False
2024-02-10 20:00:00,14204,20,10,Saturday,February,True
2024-02-10 19:00:00,12637,19,10,Saturday,February,False
2024-02-10 18:00:00,9630,18,10,Saturday,February,False
2024-02-10 17:00:00,3586,17,10,Saturday,February,False
2024-02-10 16:00:00,390,16,10,Saturday,February,False
2024-02-10 15:00:00,57,15,10,Saturday,February,False
2024-02-10 14:00:00,35,14,10,Saturday,February,False
2024-02-10 13:00:00,11,13,10,Saturday,February,False
2024-02-10 12:00:00,21,12,10,Saturday,February,False
2024-02-10 08:00:00,5,8,10,Saturday,February,False
2024-02-10 07:00:00,66,7,10,Saturday,February,False
2024-02-10 06:00:00,95,6,10,Saturday,February,False
2024-02-10 05:00:00,97,5,10,Saturday,February,False
2024-02-10 04:00:00,100,4,10,Saturday,February,False
2024-02-10 03:00:00,230,3,10,Saturday,February,False
2024-02-10 02:00:00,3066,2,10,Saturday,February,False
2024-02-10 01:00:00,7837,1,10,Saturday,February,False
2024-02-10 00:00:00,9932,0,10,Saturday,February,False
2024-02-09 23:00:00,10997,23,9,Friday,February,False
2024-02-09 22:00:00,12595,22,9,Friday,February,False
2024-02-09 21:00:00,13638,21,9,Friday,February,False
2024-02-09 20:00:00,13684,20,9,Friday,February,False
2024-02-09 19:00:00,12884,19,9,Friday,February,False
2024-02-09 18:00:00,9997,18,9,Friday,February,False
2024-02-09 17:00:00,3809,17,9,Friday,February,False
2024-02-09 16:00:00,317,16,9,Friday,February,False
2024-02-09 05:00:00,37,5,9,Friday,February,False
2024-02-09 03:00:00,129,3,9,Friday,February,False
2024-02-09 02:00:00,3703,2,9,Friday,February,False
2024-02-09 01:00:00,9240,1,9,Friday,February,False
2024-02-09 00:00:00,11573,0,9,Friday,February,False
2024-02-08 23:00:00,12507,23,8,Thursday,February,False
2024-02-08 22:00:00,12746,22,8,Thursday,February,False
2024-02-08 21:00:00,12176,21,8,Thursday,February,False
2024-02-08 20:00:00,12263,20,8,Thursday,February,False
2024-02-08 19:00:00,11595,19,8,Thursday,February,False
2024-02-08 18:00:00,9041,18,8,Thursday,February,False
2024-02-08 17:00:00,3448,17,8,Thursday,February,False
2024-02-08 16:00:00,287,16,8,Thursday,February,False
2024-02-08 08:00:00,2,8,8,Thursday,February,False
2024-02-08 07:00:00,38,7,8,Thursday,February,False
2024-02-08 06:00:00,71,6,8,Thursday,February,False
2024-02-08 05:00:00,106,5,8,Thursday,February,False
2024-02-08 04:00:00,120,4,8,Thursday,February,False
2024-02-08 03:00:00,267,3,8,Thursday,February,False
2024-02-08 02:00:00,2768,2,8,Thursday,February,False
2024-02-08 01:00:00,7002,1,8,Thursday,February,False
2024-02-08 00:00:00,8805,0,8,Thursday,February,False
2024-02-07 23:00:00,9941,23,7,Wednesday,February,False
2024-02-07 22:00:00,11319,22,7,Wednesday,February,False
2024-02-07 21:00:00,11572,21,7,Wednesday,February,False
2024-02-07 20:00:00,11375,20,7,Wednesday,February,False
2024-02-07 19:00:00,10773,19,7,Wednesday,February,False
2024-02-07 18:00:00,8730,18,7,Wednesday,February,False
2024-02-07 17:00:00,3229,17,7,Wednesday,February,False
2024-02-07 16:00:00,450,16,7,Wednesday,February,False
2024-02-07 15:00:00,82,15,7,Wednesday,February,False
2024-02-07 14:00:00,74,14,7,Wednesday,February,False
2024-02-07 13:00:00,66,13,7,Wednesday,February,False
2024-02-07 12:00:00,38,12,7,Wednesday,February,False
2024-02-07 11:00:00,48,11,7,Wednesday,February,False
2024-02-07 10:00:00,61,10,7,Wednesday,February,False
2024-02-07 09:00:00,82,9,7,Wednesday,February,False
2024-02-07 08:00:00,91,8,7,Wednesday,February,False
2024-02-07 07:00:00,103,7,7,Wednesday,February,False
2024-02-07 06:00:00,87,6,7,Wednesday,February,False
2024-02-07 05:00:00,57,5,7,Wednesday,February,False
2024-02-07 04:00:00,105,4,7,Wednesday,February,False
2024-02-07 03:00:00,175,3,7,Wednesday,February,False
2024-02-07 02:00:00,825,2,7,Wednesday,February,False
2024-02-07 01:00:00,2466,1,7,Wednesday,February,False
2024-02-07 00:00:00,3425,0,7,Wednesday,February,False
2024-02-06 23:00:00,5498,23,6,Tuesday,February,False
2024-02-06 22:00:00,6601,22,6,Tuesday,February,False
2024-02-06 21:00:00,7513,21,6,Tuesday,February,False
2024-02-06 20:00:00,6367,20,6,Tuesday,February,False
2024-02-06 19:00:00,3793,19,6,Tuesday,February,False
2024-02-06 18:00:00,2043,18,6,Tuesday,February,False
2024-02-06 17:00:00,665,17,6,Tuesday,February,False
2024-02-06 16:00:00,23,16,6,Tuesday,February,False
2024-02-06 02:00:00,523,2,6,Tuesday,February,False
2024-02-06 01:00:00,1534,1,6,Tuesday,February,False
2024-02-06 00:00:00,2838,0,6,Tuesday,February,False
2024-02-05 23:00:00,4284,23,5,Monday,February,False
2024-02-05 22:00:00,5730,22,5,Monday,February,False
2024-02-05 21:00:00,6386,21,5,Monday,February,False
2024-02-05 20:00:00,6056,20,5,Monday,February,False
2024-02-05 19:00:00,4897,19,5,Monday,February,False
2024-02-05 18:00:00,3342,18,5,Monday,February,False
2024-02-05 17:00:00,932,17,5,Monday,February,False
2024-02-05 16:00:00,27,16,5,Monday,February,False
2024-02-05 05:00:00,14,5,5,Monday,February,False
2024-02-05 04:00:00,34,4,5,Monday,February,False
2024-02-05 03:00:00,127,3,5,Monday,February,False
2024-02-05 02:00:00,1691,2,5,Monday,February,False
2024-02-05 01:00:00,4976,1,5,Monday,February,False
2024-02-05 00:00:00,6654,0,5,Monday,February,False
2024-02-04 23:00:00,7972,23,4,Sunday,February,False
2024-02-04 22:00:00,8923,22,4,Sunday,February,False
2024-02-04 21:00:00,8401,21,4,Sunday,February,False
2024-02-04 20:00:00,8253,20,4,Sunday,February,False
2024-02-04 19:00:00,7008,19,4,Sunday,February,False
2024-02-04 18:00:00,4623,18,4,Sunday,February,False
2024-02-04 17:00:00,1552,17,4,Sunday,February,False
2024-02-04 16:00:00,124,16,4,Sunday,February,False
2024-02-04 15:00:00,3,15,4,Sunday,February,False
2024-02-04 14:00:00,2,14,4,Sunday,February,False
2024-02-04 13:00:00,2,13,4,Sunday,February,False
2024-02-04 12:00:00,2,12,4,Sunday,February,False
2024-02-04 11:00:00,3,11,4,Sunday,February,False
2024-02-04 10:00:00,5,10,4,Sunday,February,False
2024-02-04 09:00:00,5,9,4,Sunday,February,False
2024-02-04 08:00:00,4,8,4,Sunday,February,False
2024-02-04 07:00:00,4,7,4,Sunday,February,False
2024-02-04 06:00:00,5,6,4,Sunday,February,False
2024-02-04 05:00:00,7,5,4,Sunday,February,False
2024-02-04 04:00:00,16,4,4,Sunday,February,False
2024-02-04 03:00:00,17,3,4,Sunday,February,False
2024-02-04 02:00:00,1817,2,4,Sunday,February,False
2024-02-04 01:00:00,6507,1,4,Sunday,February,False
2024-02-04 00:00:00,9799,0,4,Sunday,February,False
2024-02-03 23:00:00,10156,23,3,Saturday,February,False
2024-02-03 22:00:00,11285,22,3,Saturday,February,False
2024-02-03 21:00:00,11660,21,3,Saturday,February,False
2024-02-03 20:00:00,11943,20,3,Saturday,February,False
2024-02-03 19:00:00,11173,19,3,Saturday,February,False
2024-02-03 18:00:00,10134,18,3,Saturday,February,False
2024-02-03 17:00:00,4143,17,3,Saturday,February,False
2024-02-03 16:00:00,367,16,3,Saturday,February,False
2024-02-03 15:00:00,2,15,3,Saturday,February,False
2024-02-03 09:00:00,7,9,3,Saturday,February,False
2024-02-03 08:00:00,53,8,3,Saturday,February,False
2024-02-03 07:00:00,56,7,3,Saturday,February,False
2024-02-03 06:00:00,72,6,3,Saturday,February,False
2024-02-03 05:00:00,82,5,3,Saturday,February,False
2024-02-03 04:00:00,45,4,3,Saturday,February,False
2024-02-03 03:00:00,116,3,3,Saturday,February,False
2024-02-03 02:00:00,3251,2,3,Saturday,February,False
2024-02-03 01:00:00,8729,1,3,Saturday,February,False
2024-02-03 00:00:00,10196,0,3,Saturday,February,False
2024-02-02 23:00:00,10991,23,2,Friday,February,False
2024-02-02 22:00:00,12044,22,2,Friday,February,False
2024-02-02 21:00:00,11968,21,2,Friday,February,False
2024-02-02 20:00:00,12406,20,2,Friday,February,False
2024-02-02 19:00:00,11867,19,2,Friday,February,False
2024-02-02 18:00:00,9545,18,2,Friday,February,False
2024-02-02 17:00:00,3357,17,2,Friday,February,False
2024-02-02 16:00:00,236,16,2,Friday,February,False
2024-02-02 03:00:00,18,3,2,Friday,February,False
2024-02-02 02:00:00,927,2,2,Friday,February,False
2024-02-02 01:00:00,2497,1,2,Friday,February,False
2024-02-02 00:00:00,3856,0,2,Friday,February,False
2024-02-01 23:00:00,4543,23,1,Thursday,February,False
2024-02-01 22:00:00,5228,22,1,Thursday,February,False
2024-02-01 21:00:00,4662,21,1,Thursday,February,False
2024-02-01 20:00:00,4647,20,1,Thursday,February,False
2024-02-01 19:00:00,3434,19,1,Thursday,February,False
2024-02-01 18:00:00,1855,18,1,Thursday,February,False
2024-02-01 17:00:00,740,17,1,Thursday,February,False
2024-02-01 16:00:00,4,16,1,Thursday,February,False
2024-02-01 02:00:00,717,2,1,Thursday,February,False
2024-02-01 01:00:00,2271,1,1,Thursday,February,False
2024-02-01 00:00:00,4428,0,1,Thursday,February,False
2024-01-31 23:00:00,6145,23,31,Wednesday,January,False
2024-01-31 22:00:00,7904,22,31,Wednesday,January,False
2024-01-31 21:00:00,8646,21,31,Wednesday,January,False
2024-01-31 20:00:00,8371,20,31,Wednesday,January,False
2024-01-31 19:00:00,8930,19,31,Wednesday,January,False
2024-01-31 18:00:00,8071,18,31,Wednesday,January,False
2024-01-31 17:00:00,2815,17,31,Wednesday,January,False
2024-01-31 16:00:00,234,16,31,Wednesday,January,False
2024-01-31 03:00:00,49,3,31,Wednesday,January,False
2024-01-31 02:00:00,2484,2,31,Wednesday,January,False
2024-01-31 01:00:00,8149,1,31,Wednesday,January,False
2024-01-31 00:00:00,11248,0,31,Wednesday,January,False
2024-01-30 23:00:00,12679,23,30,Tuesday,January,False
2024-01-30 22:00:00,13238,22,30,Tuesday,January,False
2024-01-30 21:00:00,13399,21,30,Tuesday,January,False
2024-01-30 20:00:00,13646,20,30,Tuesday,January,False
2024-01-30 19:00:00,13512,19,30,Tuesday,January,False
2024-01-30 18:00:00,10732,18,30,Tuesday,January,False
2024-01-30 17:00:00,4009,17,30,Tuesday,January,False
2024-01-30 16:00:00,316,16,30,Tuesday,January,False
2024-01-30 03:00:00,20,3,30,Tuesday,January,False
2024-01-30 02:00:00,3252,2,30,Tuesday,January,False
2024-01-30 01:00:00,10386,1,30,Tuesday,January,False
2024-01-30 00:00:00,13192,0,30,Tuesday,January,False
2024-01-29 23:00:00,13964,23,29,Monday,January,False
2024-01-29 22:00:00,13939,22,29,Monday,January,False
2024-01-29 21:00:00,13867,21,29,Monday,January,False
2024-01-29 20:00:00,13880,20,29,Monday,January,False
2024-01-29 19:00:00,13193,19,29,Monday,January,False
2024-01-29 18:00:00,10559,18,29,Monday,January,False
2024-01-29 17:00:00,3634,17,29,Monday,January,False
2024-01-29 16:00:00,247,16,29,Monday,January,False
2024-01-29 03:00:00,129,3,29,Monday,January,False
2024-01-29 02:00:00,2730,2,29,Monday,January,False
2024-01-29 01:00:00,7463,1,29,Monday,January,False
2024-01-29 00:00:00,9207,0,29,Monday,January,False
2024-01-28 23:00:00,10266,23,28,Sunday,January,False
2024-01-28 22:00:00,10801,22,28,Sunday,January,False
2024-01-28 21:00:00,11139,21,28,Sunday,January,False
2024-01-28 20:00:00,11338,20,28,Sunday,January,False
2024-01-28 19:00:00,10840,19,28,Sunday,January,False
2024-01-28 18:00:00,8682,18,28,Sunday,January,False
2024-01-28 17:00:00,2938,17,28,Sunday,January,False
2024-01-28 16:00:00,196,16,28,Sunday,January,False
2024-01-28 02:00:00,2101,2,28,Sunday,January,False
2024-01-28 01:00:00,7061,1,28,Sunday,January,False
2024-01-28 00:00:00,9470,0,28,Sunday,January,False
2024-01-27 23:00:00,10102,23,27,Saturday,January,False
2024-01-27 22:00:00,10714,22,27,Saturday,January,False
2024-01-27 21:00:00,11405,21,27,Saturday,January,False
2024-01-27 20:00:00,12029,20,27,Saturday,January,False
2024-01-27 19:00:00,11745,19,27,Saturday,January,False
2024-01-27 18:00:00,9599,18,27,Saturday,January,False
2024-01-27 17:00:00,3573,17,27,Saturday,January,False
2024-01-27 16:00:00,268,16,27,Saturday,January,False
2024-01-27 06:00:00,11,6,27,Saturday,January,False
2024-01-27 05:00:00,6,5,27,Saturday,January,False
2024-01-27 02:00:00,2259,2,27,Saturday,January,False
2024-01-27 01:00:00,8027,1,27,Saturday,January,False
2024-01-27 00:00:00,10795,0,27,Saturday,January,False
2024-01-26 23:00:00,12198,23,26,Friday,January,False
2024-01-26 22:00:00,12523,22,26,Friday,January,False
2024-01-26 21:00:00,12854,21,26,Friday,January,False
2024-01-26 20:00:00,13313,20,26,Friday,January,False
2024-01-26 19:00:00,12344,19,26,Friday,January,False
2024-01-26 18:00:00,9562,18,26,Friday,January,False
2024-01-26 17:00:00,3255,17,26,Friday,January,False
2024-01-26 16:00:00,245,16,26,Friday,January,False
2024-01-26 04:00:00,6,4,26,Friday,January,False
2024-01-26 03:00:00,80,3,26,Friday,January,False
2024-01-26 02:00:00,3033,2,26,Friday,January,False
2024-01-26 01:00:00,9617,1,26,Friday,January,False
2024-01-26 00:00:00,11954,0,26,Friday,January,False
2024-01-25 23:00:00,12501,23,25,Thursday,January,False
2024-01-25 22:00:00,12138,22,25,Thursday,January,False
2024-01-25 21:00:00,12091,21,25,Thursday,January,False
2024-01-25 20:00:00,12018,20,25,Thursday,January,False
2024-01-25 19:00:00,9813,19,25,Thursday,January,False
2024-01-25 18:00:00,6162,18,25,Thursday,January,False
2024-01-25 17:00:00,1856,17,25,Thursday,January,False
2024-01-25 16:00:00,98,16,25,Thursday,January,False
2024-01-25 02:00:00,721,2,25,Thursday,January,False
2024-01-25 01:00:00,2423,1,25,Thursday,January,False
2024-01-25 00:00:00,4267,0,25,Thursday,January,False
2024-01-24 23:00:00,5958,23,24,Wednesday,January,False
2024-01-24 22:00:00,6449,22,24,Wednesday,January,False
2024-01-24 21:00:00,5755,21,24,Wednesday,January,False
2024-01-24 20:00:00,5633,20,24,Wednesday,January,False
2024-01-24 19:00:00,4984,19,24,Wednesday,January,False
2024-01-24 18:00:00,3848,18,24,Wednesday,January,False
2024-01-24 17:00:00,1644,17,24,Wednesday,January,False
2024-01-24 16:00:00,115,16,24,Wednesday,January,False
2024-01-24 02:00:00,1985,2,24,Wednesday,January,False
2024-01-24 01:00:00,6496,1,24,Wednesday,January,False
2024-01-24 00:00:00,7606,0,24,Wednesday,January,False
2024-01-23 23:00:00,8498,23,23,Tuesday,January,False
2024-01-23 22:00:00,9155,22,23,Tuesday,January,False
2024-01-23 21:00:00,9201,21,23,Tuesday,January,False
2024-01-23 20:00:00,8088,20,23,Tuesday,January,False
2024-01-23 19:00:00,6743,19,23,Tuesday,January,False
2024-01-23 18:00:00,4848,18,23,Tuesday,January,False
2024-01-23 17:00:00,1458,17,23,Tuesday,January,False
2024-01-23 16:00:00,55,16,23,Tuesday,January,False
2024-01-23 02:00:00,761,2,23,Tuesday,January,False
2024-01-23 01:00:00,1971,1,23,Tuesday,January,False
2024-01-23 00:00:00,2757,0,23,Tuesday,January,False
2024-01-22 23:00:00,2946,23,22,Monday,January,False
2024-01-22 22:00:00,2826,22,22,Monday,January,False
2024-01-22 21:00:00,3298,21,22,Monday,January,False
2024-01-22 20:00:00,2731,20,22,Monday,January,False
2024-01-22 19:00:00,1494,19,22,Monday,January,False
2024-01-22 18:00:00,865,18,22,Monday,January,False
2024-01-22 17:00:00,272,17,22,Monday,January,False
2024-01-22 02:00:00,1013,2,22,Monday,January,False
2024-01-22 01:00:00,4669,1,22,Monday,January,False
2024-01-22 00:00:00,7280,0,22,Monday,January,False
2024-01-21 23:00:00,8140,23,21,Sunday,January,False
2024-01-21 22:00:00,8239,22,21,Sunday,January,False
2024-01-21 21:00:00,8051,21,21,Sunday,January,False
2024-01-21 20:00:00,7272,20,21,Sunday,January,False
2024-01-21 19:00:00,5237,19,21,Sunday,January,False
2024-01-21 18:00:00,2958,18,21,Sunday,January,False
2024-01-21 17:00:00,781,17,21,Sunday,January,False
2024-01-21 02:00:00,267,2,21,Sunday,January,False
2024-01-21 01:00:00,1219,1,21,Sunday,January,False
2024-01-21 00:00:00,2731,0,21,Sunday,January,False
2024-01-20 23:00:00,4266,23,20,Saturday,January,False
2024-01-20 22:00:00,4643,22,20,Saturday,January,False
2024-01-20 21:00:00,5112,21,20,Saturday,January,False
2024-01-20 20:00:00,5434,20,20,Saturday,January,False
2024-01-20 19:00:00,4031,19,20,Saturday,January,False
2024-01-20 18:00:00,2503,18,20,Saturday,January,False
2024-01-20 17:00:00,890,17,20,Saturday,January,False
2024-01-20 16:00:00,7,16,20,Saturday,January,False
2024-01-20 02:00:00,592,2,20,Saturday,January,False
2024-01-20 01:00:00,2549,1,20,Saturday,January,False
2024-01-20 00:00:00,4371,0,20,Saturday,January,False
2024-01-19 23:00:00,6249,23,19,Friday,January,False
2024-01-19 22:00:00,7619,22,19,Friday,January,False
2024-01-19 21:00:00,7700,21,19,Friday,January,False
2024-01-19 20:00:00,7380,20,19,Friday,January,False
2024-01-19 19:00:00,6332,19,19,Friday,January,False
2024-01-19 18:00:00,4282,18,19,Friday,January,False
2024-01-19 17:00:00,1427,17,19,Friday,January,False
2024-01-19 16:00:00,66,16,19,Friday,January,False
2024-01-19 02:00:00,990,2,19,Friday,January,False
2024-01-19 01:00:00,4775,1,19,Friday,January,False
2024-01-19 00:00:00,7845,0,19,Friday,January,False
2024-01-18 23:00:00,9268,23,18,Thursday,January,False
2024-01-18 22:00:00,10162,22,18,Thursday,January,False
2024-01-18 21:00:00,10728,21,18,Thursday,January,False
2024-01-18 20:00:00,10935,20,18,Thursday,January,False
2024-01-18 19:00:00,10174,19,18,Thursday,January,False
2024-01-18 18:00:00,8203,18,18,Thursday,January,False
2024-01-18 17:00:00,2846,17,18,Thursday,January,False
2024-01-18 16:00:00,190,16,18,Thursday,January,False
2024-01-18 02:00:00,1635,2,18,Thursday,January,False
2024-01-18 01:00:00,6271,1,18,Thursday,January,False
2024-01-18 00:00:00,8192,0,18,Thursday,January,False
2024-01-17 23:00:00,8457,23,17,Wednesday,January,False
2024-01-17 22:00:00,8918,22,17,Wednesday,January,False
2024-01-17 21:00:00,9560,21,17,Wednesday,January,False
2024-01-17 20:00:00,8735,20,17,Wednesday,January,False
2024-01-17 19:00:00,7734,19,17,Wednesday,January,False
2024-01-17 18:00:00,4612,18,17,Wednesday,January,False
2024-01-17 17:00:00,1423,17,17,Wednesday,January,False
2024-01-17 16:00:00,63,16,17,Wednesday,January,False
2024-01-17 02:00:00,1438,2,17,Wednesday,January,False
2024-01-17 01:00:00,6101,1,17,Wednesday,January,False
2024-01-17 00:00:00,8669,0,17,Wednesday,January,False
2024-01-16 23:00:00,9533,23,16,Tuesday,January,False
2024-01-16 22:00:00,10298,22,16,Tuesday,January,False
2024-01-16 21:00:00,10522,21,16,Tuesday,January,False
2024-01-16 20:00:00,10458,20,16,Tuesday,January,False
2024-01-16 19:00:00,9982,19,16,Tuesday,January,False
2024-01-16 18:00:00,7919,18,16,Tuesday,January,False
2024-01-16 17:00:00,2973,17,16,Tuesday,January,False
2024-01-16 16:00:00,193,16,16,Tuesday,January,False
2024-01-16 02:00:00,1201,2,16,Tuesday,January,False
2024-01-16 01:00:00,5788,1,16,Tuesday,January,False
2024-01-16 00:00:00,7945,0,16,Tuesday,January,False
2024-01-15 23:00:00,8390,23,15,Monday,January,False
2024-01-15 22:00:00,8899,22,15,Monday,January,False
2024-01-15 21:00:00,9186,21,15,Monday,January,False
2024-01-15 20:00:00,8701,20,15,Monday,January,False
2024-01-15 19:00:00,9366,19,15,Monday,January,False
2024-01-15 18:00:00,7796,18,15,Monday,January,False
2024-01-15 17:00:00,2680,17,15,Monday,January,False
2024-01-15 16:00:00,132,16,15,Monday,January,False
2024-01-15 02:00:00,1287,2,15,Monday,January,False
2024-01-15 01:00:00,6091,1,15,Monday,January,False
2024-01-15 00:00:00,8430,0,15,Monday,January,False
2024-01-14 23:00:00,9713,23,14,Sunday,January,False
2024-01-14 22:00:00,10385,22,14,Sunday,January,False
2024-01-14 21:00:00,11324,21,14,Sunday,January,False
2024-01-14 20:00:00,11181,20,14,Sunday,January,False
2024-01-14 19:00:00,9915,19,14,Sunday,January,False
2024-01-14 18:00:00,7641,18,14,Sunday,January,False
2024-01-14 17:00:00,2496,17,14,Sunday,January,False
2024-01-14 16:00:00,171,16,14,Sunday,January,False
2024-01-14 02:00:00,1201,2,14,Sunday,January,False
2024-01-14 01:00:00,5490,1,14,Sunday,January,False
2024-01-14 00:00:00,7119,0,14,Sunday,January,False
2024-01-13 23:00:00,8000,23,13,Saturday,January,False
2024-01-13 22:00:00,9357,22,13,Saturday,January,False
2024-01-13 21:00:00,9885,21,13,Saturday,January,False
2024-01-13 20:00:00,10278,20,13,Saturday,January,False
2024-01-13 19:00:00,10572,19,13,Saturday,January,False
2024-01-13 18:00:00,8792,18,13,Saturday,January,False
2024-01-13 17:00:00,2965,17,13,Saturday,January,False
2024-01-13 16:00:00,214,16,13,Saturday,January,False
2024-01-13 02:00:00,1556,2,13,Saturday,January,False
2024-01-13 01:00:00,6176,1,13,Saturday,January,False
2024-01-13 00:00:00,9282,0,13,Saturday,January,False
2024-01-12 23:00:00,10000,23,12,Friday,January,False
2024-01-12 22:00:00,10921,22,12,Friday,January,False
2024-01-12 21:00:00,11341,21,12,Friday,January,False
2024-01-12 20:00:00,11553,20,12,Friday,January,False
2024-01-12 19:00:00,11608,19,12,Friday,January,False
2024-01-12 18:00:00,9613,18,12,Friday,January,False
2024-01-12 17:00:00,2993,17,12,Friday,January,False
2024-01-12 16:00:00,177,16,12,Friday,January,False
2024-01-12 02:00:00,1622,2,12,Friday,January,False
2024-01-12 01:00:00,8073,1,12,Friday,January,False
2024-01-12 00:00:00,10854,0,12,Friday,January,False
2024-01-11 23:00:00,12306,23,11,Thursday,January,False
2024-01-11 22:00:00,12284,22,11,Thursday,January,False
2024-01-11 21:00:00,11815,21,11,Thursday,January,False
2024-01-11 20:00:00,11998,20,11,Thursday,January,False
2024-01-11 19:00:00,10907,19,11,Thursday,January,False
2024-01-11 18:00:00,7849,18,11,Thursday,January,False
2024-01-11 17:00:00,2065,17,11,Thursday,January,False
2024-01-11 16:00:00,188,16,11,Thursday,January,False
2024-01-11 03:00:00,18,3,11,Thursday,January,False
2024-01-11 02:00:00,1137,2,11,Thursday,January,False
2024-01-11 01:00:00,6212,1,11,Thursday,January,False
2024-01-11 00:00:00,9201,0,11,Thursday,January,False
2024-01-10 23:00:00,10522,23,10,Wednesday,January,False
2024-01-10 22:00:00,10719,22,10,Wednesday,January,False
2024-01-10 21:00:00,11400,21,10,Wednesday,January,False
2024-01-10 20:00:00,11626,20,10,Wednesday,January,False
2024-01-10 19:00:00,11221,19,10,Wednesday,January,False
2024-01-10 18:00:00,8420,18,10,Wednesday,January,False
2024-01-10 17:00:00,2653,17,10,Wednesday,January,False
2024-01-10 16:00:00,192,16,10,Wednesday,January,False
2024-01-10 02:00:00,1367,2,10,Wednesday,January,False
2024-01-10 01:00:00,6459,1,10,Wednesday,January,False
2024-01-10 00:00:00,9193,0,10,Wednesday,January,False
2024-01-09 23:00:00,9869,23,9,Tuesday,January,False
2024-01-09 22:00:00,10925,22,9,Tuesday,January,False
2024-01-09 21:00:00,12458,21,9,Tuesday,January,False
2024-01-09 20:00:00,13284,20,9,Tuesday,January,False
2024-01-09 19:00:00,13262,19,9,Tuesday,January,False
2024-01-09 18:00:00,10175,18,9,Tuesday,January,False
2024-01-09 17:00:00,3090,17,9,Tuesday,January,False
2024-01-09 16:00:00,195,16,9,Tuesday,January,False
2024-01-09 04:00:00,32,4,9,Tuesday,January,False
2024-01-09 03:00:00,54,3,9,Tuesday,January,False
2024-01-09 02:00:00,1709,2,9,Tuesday,January,False
2024-01-09 01:00:00,8558,1,9,Tuesday,January,False
2024-01-09 00:00:00,12570,0,9,Tuesday,January,False
2024-01-08 23:00:00,13399,23,8,Monday,January,False
2024-01-08 22:00:00,13338,22,8,Monday,January,False
2024-01-08 21:00:00,13455,21,8,Monday,January,False
2024-01-08 20:00:00,13761,20,8,Monday,January,False
2024-01-08 19:00:00,12710,19,8,Monday,January,False
2024-01-08 18:00:00,7348,18,8,Monday,January,False
2024-01-08 17:00:00,3143,17,8,Monday,January,False
2024-01-08 16:00:00,190,16,8,Monday,January,False
2024-01-08 02:00:00,1407,2,8,Monday,January,False
2024-01-08 01:00:00,8052,1,8,Monday,January,False
2024-01-08 00:00:00,12241,0,8,Monday,January,False
2024-01-07 23:00:00,13056,23,7,Sunday,January,False
2024-01-07 22:00:00,12729,22,7,Sunday,January,False
2024-01-07 21:00:00,12067,21,7,Sunday,January,False
2024-01-07 20:00:00,11893,20,7,Sunday,January,False
2024-01-07 19:00:00,11263,19,7,Sunday,January,False
2024-01-07 18:00:00,7344,18,7,Sunday,January,False
2024-01-07 17:00:00,1730,17,7,Sunday,January,False
2024-01-07 16:00:00,131,16,7,Sunday,January,False
2024-01-07 05:00:00,1,5,7,Sunday,January,False
2024-01-07 04:00:00,11,4,7,Sunday,January,False
2024-01-07 03:00:00,59,3,7,Sunday,January,False
2024-01-07 02:00:00,418,2,7,Sunday,January,False
2024-01-07 01:00:00,2138,1,7,Sunday,January,False
2024-01-07 00:00:00,5396,0,7,Sunday,January,False
2024-01-06 23:00:00,8199,23,6,Saturday,January,False
2024-01-06 22:00:00,9829,22,6,Saturday,January,False
2024-01-06 21:00:00,10468,21,6,Saturday,January,False
2024-01-06 20:00:00,10745,20,6,Saturday,January,False
2024-01-06 19:00:00,10659,19,6,Saturday,January,False
2024-01-06 18:00:00,8442,18,6,Saturday,January,False
2024-01-06 17:00:00,2771,17,6,Saturday,January,False
2024-01-06 16:00:00,161,16,6,Saturday,January,False
2024-01-06 06:00:00,8,6,6,Saturday,January,False
2024-01-06 05:00:00,7,5,6,Saturday,January,False
2024-01-06 04:00:00,3,4,6,Saturday,January,False
2024-01-06 03:00:00,10,3,6,Saturday,January,False
2024-01-06 02:00:00,1190,2,6,Saturday,January,False
2024-01-06 01:00:00,7219,1,6,Saturday,January,False
2024-01-06 00:00:00,11096,0,6,Saturday,January,False
2024-01-05 23:00:00,10771,23,5,Friday,January,False
2024-01-05 22:00:00,9607,22,5,Friday,January,False
2024-01-05 21:00:00,9855,21,5,Friday,January,False
2024-01-05 20:00:00,10001,20,5,Friday,January,False
2024-01-05 19:00:00,7358,19,5,Friday,January,False
2024-01-05 18:00:00,4456,18,5,Friday,January,False
2024-01-05 17:00:00,1209,17,5,Friday,January,False
2024-01-05 16:00:00,69,16,5,Friday,January,False
2024-01-05 02:00:00,1248,2,5,Friday,January,False
2024-01-05 01:00:00,7794,1,5,Friday,January,False
2024-01-05 00:00:00,12236,0,5,Friday,January,False
2024-01-04 23:00:00,12674,23,4,Thursday,January,False
2024-01-04 22:00:00,12368,22,4,Thursday,January,False
2024-01-04 21:00:00,12245,21,4,Thursday,January,False
2024-01-04 20:00:00,11733,20,4,Thursday,January,False
2024-01-04 19:00:00,10986,19,4,Thursday,January,False
2024-01-04 18:00:00,8326,18,4,Thursday,January,False
2024-01-04 17:00:00,2555,17,4,Thursday,January,False
2024-01-04 16:00:00,119,16,4,Thursday,January,False
2024-01-04 02:00:00,729,2,4,Thursday,January,False
2024-01-04 01:00:00,4491,1,4,Thursday,January,False
2024-01-04 00:00:00,6172,0,4,Thursday,January,False
2024-01-03 23:00:00,6739,23,3,Wednesday,January,False
2024-01-03 22:00:00,7273,22,3,Wednesday,January,False
2024-01-03 21:00:00,7786,21,3,Wednesday,January,False
2024-01-03 20:00:00,8274,20,3,Wednesday,January,False
2024-01-03 19:00:00,7662,19,3,Wednesday,January,False
2024-01-03 18:00:00,4967,18,3,Wednesday,January,False
2024-01-03 17:00:00,1132,17,3,Wednesday,January,False
2024-01-03 16:00:00,30,16,3,Wednesday,January,False
2024-01-03 02:00:00,930,2,3,Wednesday,January,False
2024-01-03 01:00:00,5732,1,3,Wednesday,January,False
2024-01-03 00:00:00,8553,0,3,Wednesday,January,False
2024-01-02 23:00:00,9219,23,2,Tuesday,January,False
2024-01-02 22:00:00,10107,22,2,Tuesday,January,False
2024-01-02 21:00:00,10583,21,2,Tuesday,January,False
2024-01-02 20:00:00,10256,20,2,Tuesday,January,False
2024-01-02 19:00:00,10616,19,2,Tuesday,January,False
2024-01-02 18:00:00,8417,18,2,Tuesday,January,False
2024-01-02 17:00:00,2794,17,2,Tuesday,January,False
2024-01-02 16:00:00,167,16,2,Tuesday,January,False
2024-01-02 02:00:00,1078,2,2,Tuesday,January,False
2024-01-02 01:00:00,6702,1,2,Tuesday,January,False
2024-01-02 00:00:00,10266,0,2,Tuesday,January,False
2024-01-01 23:00:00,10690,23,1,Monday,January,False
2024-01-01 22:00:00,10607,22,1,Monday,January,False
2024-01-01 21:00:00,10027,21,1,Monday,January,False
2024-01-01 20:00:00,9681,20,1,Monday,January,False
2024-01-01 19:00:00,7784,19,1,Monday,January,False
2024-01-01 18:00:00,5630,18,1,Monday,January,False
2024-01-01 17:00:00,1499,17,1,Monday,January,False
2024-01-01 16:00:00,87,16,1,Monday,January,False
2024-01-01 02:00:00,461,2,1,Monday,January,False
2024-01-01 01:00:00,2186,1,1,Monday,January,False
2024-01-01 00:00:00,4527,0,1,Monday,January,False
